{"type": "FeatureCollection", "name": "buffer_1000m_rpa6", "features": [{"type": "Feature", "properties": {"ponto_id": 5, "bairro": "Boa Viagem", "trecho": "Avenida Conselheiro Aguiar (Interseção com a Rua Tenente João Cícero)", "tipo": "Ponto", "precisao": "Interseção", "verificada": "não", "prior_emlurb": "Não", "grupo": "G1", "lat": -8.113732, "lon": -34.893163, "raio_m": 1000}, "geometry": {"type": "Polygon", "coordinates": [[[-34.88409095183717, -8.113774075167461], [-34.88410394636919, -8.114217624942718], [-34.88413876520093, -8.114660005019104], [-34.884195324519254, -8.115100149642547], [-34.884273488133275, -8.115536998441282], [-34.884373067801796, -8.115969498980705], [-34.88449382368624, -8.116396609298944], [-34.88463546492784, -8.11681730041745], [-34.8847976503479, -8.11723055882011], [-34.8849799892692, -8.117635388895254], [-34.88518204245681, -8.11803081533454], [-34.88540332317589, -8.11841588548287], [-34.885643298364, -8.11878967163383], [-34.88590138991507, -8.119151273264999], [-34.886176976071965, -8.119499819207682], [-34.88646939292429, -8.119834469746074], [-34.88677793600775, -8.120154418640611], [-34.88710186200142, -8.120458895070508], [-34.88744039051849, -8.12074716549116], [-34.88779270598657, -8.121018535401683], [-34.88815795961267, -8.121272351018249], [-34.88853527142844, -8.12150800084944], [-34.88892373241035, -8.121724917169676], [-34.88932240667018, -8.12192257738708], [-34.88973033371009, -8.12210050530275], [-34.89014653073706, -8.122258272258064], [-34.890569995031214, -8.122395498167506], [-34.89099970636195, -8.122511852434487], [-34.89143462944656, -8.122607054747792], [-34.89187371644487, -8.122680875756954], [-34.89231590948439, -8.122733137624724], [-34.89276014320943, -8.122763714455523], [-34.8932053473484, -8.122772532598631], [-34.893650449292934, -8.122759570825476], [-34.8940943766825, -8.122724860380696], [-34.894536059988596, -8.12266848490662], [-34.894974435091925, -8.122590580241592], [-34.89540844584663, -8.122491334092514], [-34.89583704662521, -8.122370985582304], [-34.896259204838096, -8.122229824673594], [-34.89667390342178, -8.122068191469832], [-34.89708014328942, -8.121886475395664], [-34.89747694573817, -8.121685114258371], [-34.89786335480728, -8.12146459319279], [-34.89823843958136, -8.121225443492293], [-34.898601296433306, -8.120968241328372], [-34.89895105120129, -8.120693606362302], [-34.89928686129478, -8.120402200251906], [-34.89960791772449, -8.120094725057173], [-34.899913447051134, -8.119771921548649], [-34.900202713248675, -8.119434567422473], [-34.900475019477206, -8.119083475426441], [-34.900729709761464, -8.118719491401816], [-34.90096617057077, -8.118343492245327], [-34.90118383229674, -8.117956383796296], [-34.90138217062501, -8.117559098654223], [-34.90156070779793, -8.117152593931896], [-34.90171901376486, -8.116737848949372], [-34.90185670721775, -8.116315862874613], [-34.901973456509026, -8.115887652316308], [-34.90206898044991, -8.115454248874638], [-34.90214304898719, -8.115016696656141], [-34.90219548375671, -8.114576049758266], [-34.90222615851235, -8.114133369730071], [-34.902234999429474, -8.113689723014874], [-34.902221985282075, -8.113246178381262], [-34.90218714749319, -8.112803804348482], [-34.9021305700585, -8.112363666612392], [-34.90205238934341, -8.11192682547844], [-34.90195279375378, -8.11149433330741], [-34.90183202328153, -8.111067231980575], [-34.9016903689259, -8.1106465503899], [-34.90152817199189, -8.110233301959736], [-34.90134582326761, -8.109828482205716], [-34.901143762082384, -8.109433066336777], [-34.900922475248095, -8.10904800690623], [-34.900682495886045, -8.10867423151726], [-34.900424402142534, -8.108312640588645], [-34.900148815795795, -8.107964105186015], [-34.899856400758054, -8.107629464923665], [-34.899547861476115, -8.107309525942195], [-34.899223941234325, -8.107005058966928], [-34.898885420364074, -8.106716797451403], [-34.89853311436413, -8.106445435810748], [-34.898167871936266, -8.106191627749158], [-34.89779057294103, -8.105955984685275], [-34.89740212627844, -8.105739074279521], [-34.89700346769884, -8.105541419066805], [-34.89659555754907, -8.105363495197834], [-34.89617937845945, -8.105205731292257], [-34.89575593297715, -8.105068507406218], [-34.89532624115159, -8.104952154116821], [-34.89489133807762, -8.104856951725871], [-34.894452271402706, -8.104783129584574], [-34.894010098803626, -8.104730865541088], [-34.89356588543921, -8.104700285511948], [-34.893120701384944, -8.104691463178666], [-34.89267561905581, -8.104704419810174], [-34.892231710623385, -8.10473912421135], [-34.891790045433645, -8.104795492798068], [-34.89135168743138, -8.104873389798314], [-34.89091769259779, -8.104972627579002], [-34.890489106407024, -8.105092967097809], [-34.89006696130816, -8.105234118478686], [-34.88965227423843, -8.10539574170995], [-34.889246044173774, -8.105577447462997], [-34.88884924972263, -8.10577879802994], [-34.888462846768746, -8.105999308377742], [-34.88808776616859, -8.10623844731625], [-34.88772491150909, -8.106495638777611], [-34.88737515693096, -8.106770263203632], [-34.88703934502287, -8.107061659037981], [-34.886718284791634, -8.107369124319641], [-34.88641274971311, -8.107691918373543], [-34.88612347586874, -8.108029263594592], [-34.88585116017209, -8.108380347320756], [-34.88559645868959, -8.10874432379041], [-34.88535998505976, -8.109120316179585], [-34.88514230901446, -8.109507418714138], [-34.884943955005944, -8.10990469885152], [-34.88476540094291, -8.110311199527152], [-34.88460707703861, -8.110725941459942], [-34.88446936477387, -8.111147925511295], [-34.88435259597743, -8.111576135092017], [-34.8842570520259, -8.112009538611334], [-34.88418296316522, -8.11244709196196], [-34.88413050795528, -8.112887741035552], [-34.88409981283902, -8.113330424262088], [-34.88409095183717, -8.113774075167461]]]}}, {"type": "Feature", "properties": {"ponto_id": 6, "bairro": "Boa Viagem", "trecho": "Avenida Conselheiro Aguiar (Interseção com a Rua Dona Benvinda)", "tipo": "Ponto", "precisao": "Interseção", "verificada": "não", "prior_emlurb": "Não", "grupo": "G1", "lat": -8.111009, "lon": -34.891491, "raio_m": 1000}, "geometry": {"type": "Polygon", "coordinates": [[[-34.88241900411008, -8.111051023923936], [-34.88243199604339, -8.111494574248386], [-34.88246681215657, -8.111936954996038], [-34.88252336864302, -8.112377100411207], [-34.882601529318634, -8.112813950120245], [-34.88270110594928, -8.113246451686367], [-34.88282185870369, -8.11367356314525], [-34.88296349673064, -8.114094255515619], [-34.88312567885913, -8.11450751527836], [-34.883308014419896, -8.114912346818546], [-34.88351006418608, -8.115307774824323], [-34.8837313414311, -8.115692846636845], [-34.883971313100865, -8.116066634545692], [-34.8842294010978, -8.116428238024243], [-34.88450498367333, -8.116776785899352], [-34.8847973969257, -8.117111438450586], [-34.88510593639931, -8.117431389433538], [-34.885429858781926, -8.117735868022407], [-34.88576838369546, -8.1180241406674], [-34.88612069557623, -8.118295512862279], [-34.88648594563992, -8.118549330817723], [-34.88686325392674, -8.118784983036686], [-34.88725171142175, -8.119001901787842], [-34.887650382245106, -8.119199564473453], [-34.888058305907286, -8.119377494888676], [-34.88847449962346, -8.119535264368869], [-34.888897960681724, -8.119672492822428], [-34.88932766885932, -8.119788849646623], [-34.889762588881155, -8.119884054524078], [-34.89020167291448, -8.119957878098141], [-34.89064386309395, -8.120010142525372], [-34.8910880940708, -8.120040721904015], [-34.891533295580125, -8.1200495425772], [-34.891978395019855, -8.120036583310242], [-34.89242232003557, -8.120001875341725], [-34.89286400110448, -8.119945502308004], [-34.8933023741127, -8.119867600041523], [-34.89373638291945, -8.119768356243378], [-34.89416498190193, -8.119648010030819], [-34.89458713847492, -8.119506851360914], [-34.89500183557886, -8.119345220331702], [-34.89540807413048, -8.119163506362574], [-34.89580487543012, -8.118962147255719], [-34.89619128351979, -8.118741628141064], [-34.89656636748648, -8.118502480307258], [-34.896929223705, -8.11824527992129], [-34.897278978015045, -8.117970646640126], [-34.89761478782721, -8.117679242117521], [-34.897935844152826, -8.117371768409624], [-34.898241373552885, -8.117048966283384], [-34.89853064000113, -8.116711613431594], [-34.89880294665704, -8.116360522598981], [-34.899057637544296, -8.115996539623998], [-34.89929409913075, -8.115620541400832], [-34.899511761806124, -8.115233433766551], [-34.89971010125374, -8.114836149318702], [-34.899888639713204, -8.11442964516839], [-34.900046947130775, -8.114014900634288], [-34.90018464219487, -8.113592914883302], [-34.900301393254, -8.113164704523328], [-34.9003969191151, -8.112731301154081], [-34.90047098972031, -8.112293748881942], [-34.90052342670045, -8.11185310180449], [-34.90055410380407, -8.111410421471227], [-34.90056294720083, -8.110966774326219], [-34.90054993565873, -8.110523229139108], [-34.9005151005945, -8.110080854430484], [-34.900458525997266, -8.109640715897859], [-34.90038034822553, -8.109203873848603], [-34.90028075567808, -8.108771380645736], [-34.90015998833947, -8.108344278173032], [-34.90001833720139, -8.107923595325229], [-34.899856143561074, -8.107510345529736], [-34.899673798198684, -8.107105524305483], [-34.89947174043546, -8.106710106864975], [-34.899250457075006, -8.106325045765324], [-34.8990104812303, -8.10595126861376], [-34.89875239103913, -8.105589675833318], [-34.8984768082712, -8.105241138494108], [-34.89818439683011, -8.104906496215099], [-34.89787586115403, -8.104586555141772], [-34.89755194451862, -8.104282086004494], [-34.897213427246605, -8.103993822262034], [-34.89686112482809, -8.10372245833489], [-34.89649588595627, -8.103468647932761], [-34.89611859048312, -8.103233002479948], [-34.89573014730023, -8.10301608964263], [-34.895331492149545, -8.10281843196157], [-34.894923585369696, -8.102640505593428], [-34.894507409582914, -8.102482739163873], [-34.89408396732845, -8.102345512735118], [-34.89365427864793, -8.102229156890397], [-34.89321937862872, -8.10213395193766], [-34.89278031491092, -8.102060127234274], [-34.892338145164224, -8.102007860634567], [-34.891893934540605, -8.101977278061208], [-34.89144875310898, -8.101968453201831], [-34.89100367327804, -8.101981407331449], [-34.890559767213375, -8.102016109260937], [-34.89011810425526, -8.102072475412117], [-34.889679748343156, -8.102150370018819], [-34.88924575545321, -8.102249605453705], [-34.88881717105493, -8.102369942680086], [-34.888395027593084, -8.102511091827422], [-34.88798034200096, -8.102672712889387], [-34.887574113250956, -8.10285441654258], [-34.88717731994836, -8.103055765084164], [-34.886790917974125, -8.103276273485951], [-34.88641583818237, -8.103515410562471], [-34.88605298415809, -8.103772600250332], [-34.88570323004045, -8.104047222995598], [-34.885367418417, -8.104338617245975], [-34.88504635829385, -8.104646081044246], [-34.88474082314659, -8.104968873718898], [-34.88445154905682, -8.105306217668156], [-34.88417923293865, -8.105657300233034], [-34.88392453085954, -8.106021275654708], [-34.8836880564594, -8.106397267111713], [-34.88347037947192, -8.106784368832162], [-34.883272024351626, -8.10718164827546], [-34.88309346900983, -8.107588148378692], [-34.882935143662856, -8.108002889862156], [-34.88279742979497, -8.108424873588342], [-34.88268065923876, -8.108853082968835], [-34.88258511337503, -8.109286486413367], [-34.8825110224543, -8.109724039814823], [-34.88245856504139, -8.110164689064758], [-34.88242786758454, -8.110607372592739], [-34.88241900411008, -8.111051023923936]]]}}, {"type": "Feature", "properties": {"ponto_id": 7, "bairro": "Boa Viagem", "trecho": "Avenida Conselheiro Aguiar (Interseção com a Rua Maria Carolina)", "tipo": "Ponto", "precisao": "Interseção", "verificada": "não", "prior_emlurb": "Não", "grupo": "G1", "lat": -8.11538, "lon": -34.894176, "raio_m": 1000}, "geometry": {"type": "Polygon", "coordinates": [[[-34.885103920200066, -8.115422106216853], [-34.88511691630664, -8.115865655659215], [-34.885151736785495, -8.11630803532874], [-34.88520829781951, -8.116748179472337], [-34.885286463213674, -8.117185027719374], [-34.88538604472252, -8.117617527636575], [-34.88550680250304, -8.118044637263548], [-34.88564844569192, -8.118465327623408], [-34.88581063310577, -8.11887858520185], [-34.885992974062574, -8.119283414389182], [-34.88619502932251, -8.119678839879185], [-34.88641631214573, -8.12006390901904], [-34.886656289464725, -8.12043769410475], [-34.8869143831683, -8.120799294616457], [-34.88718997149413, -8.121147839388144], [-34.88748239052658, -8.121482488706826], [-34.88779093579612, -8.121802436335857], [-34.88811486397651, -8.122106911457498], [-34.8884533946757, -8.122395180530301], [-34.888805712316, -8.122666549056614], [-34.88917096809921, -8.122920363255933], [-34.88954828205171, -8.123156011640262], [-34.88993674514488, -8.123372926487498], [-34.89033542148536, -8.123570585209308], [-34.890743350570276, -8.123748511610401], [-34.89115954960168, -8.123906277035799], [-34.891583015854835, -8.12404350140368], [-34.89201272909442, -8.12415985412116], [-34.892447654033084, -8.12425505488077], [-34.89288674282621, -8.124328874335788], [-34.89332893759692, -8.124381134652719], [-34.89377317298536, -8.124411709939723], [-34.89421837871594, -8.12442052654981], [-34.8946634821764, -8.124407563258107], [-34.89510741100257, -8.124372851312922], [-34.89554909566246, -8.124316474360208], [-34.895987472033504, -8.124238568241882], [-34.896421483966776, -8.12413932066836], [-34.896850085831936, -8.124018970765995], [-34.897272245036795, -8.123877808500792], [-34.89768694451543, -8.12371617397948], [-34.89809318517885, -8.123534456629882], [-34.898489988322275, -8.123333094262371], [-34.8988763979833, -8.123112572014751], [-34.89925148324511, -8.122873421183261], [-34.89961434047941, -8.122616217942124], [-34.89996409552345, -8.122341581955213], [-34.90029990578608, -8.122050174882832], [-34.90062096227756, -8.121742698787294], [-34.90092649155851, -8.121419894441312], [-34.901215757602984, -8.121082539543057], [-34.90148806357146, -8.120731446842186], [-34.90174275348932, -8.120367462181672], [-34.90197921382679, -8.119991462459778], [-34.902196874976624, -8.119604353517184], [-34.90239521262587, -8.119207067954589], [-34.90257374901851, -8.118800562885786], [-34.90273205410583, -8.118385817631669], [-34.902869746581906, -8.117963831360855], [-34.902986494801524, -8.117535620682501], [-34.90308201757852, -8.117102217197068], [-34.9031560848625, -8.11666466501121], [-34.90320851829233, -8.116224018222272], [-34.903239191625154, -8.115781338379056], [-34.90324803103978, -8.115337691924408], [-34.90323501531382, -8.114894147626302], [-34.903200175874126, -8.114451774003156], [-34.903143596720405, -8.11401163674983], [-34.90306541422217, -8.113574796170598], [-34.90296581678961, -8.1131423046249], [-34.902845044419095, -8.112715203992495], [-34.90270338811444, -8.112294523163657], [-34.90254118918535, -8.111881275560892], [-34.90235883842474, -8.111476456697826], [-34.90215677516685, -8.111081041781244], [-34.90193548622855, -8.110695983362143], [-34.90169550473624, -8.110322209041271], [-34.90143740884131, -8.109960619234817], [-34.901161820327175, -8.109612085005697], [-34.90086940311131, -8.109277445965372], [-34.90056086164573, -8.10895750825149], [-34.90023693922004, -8.108653042586303], [-34.899898416170885, -8.108364782420203], [-34.89954610800226, -8.10809342216506], [-34.89918086342117, -8.107839615521709], [-34.898803562293324, -8.107603973905395], [-34.89841511352387, -8.107387064973027], [-34.89801645286819, -8.107189411255984], [-34.89760854067813, -8.107011488901358], [-34.8971923595889, -8.10685372652515], [-34.89676891215248, -8.106716504179825], [-34.89633921842296, -8.106600152438782], [-34.895904313499784, -8.106504951600092], [-34.895465245034835, -8.106431131011231], [-34.8950230707092, -8.106378868516625], [-34.89457885568584, -8.106348290029077], [-34.89413367004423, -8.106339469226405], [-34.89368858620315, -8.106352427373857], [-34.89324467633782, -8.106387133272662], [-34.892803009797646, -8.106443503335102], [-34.89236465053067, -8.10652140178562], [-34.89193065452111, -8.106620640987643], [-34.89150206724595, -8.106740981895436], [-34.891079921156866, -8.10688213462962], [-34.89066523319347, -8.107043759175259], [-34.890259002333856, -8.107225466200587], [-34.88986220718838, -8.107426817994677], [-34.88947580364244, -8.10764732952154], [-34.88910072255394, -8.107886469588195], [-34.888737867511004, -8.108143662124078], [-34.88838811265525, -8.10841828756842], [-34.88805230057605, -8.108709684362449], [-34.8877312402806, -8.109017150542837], [-34.88742570524495, -8.109339945432358], [-34.88713643155045, -8.109677291423914], [-34.88686411611029, -8.110028375853616], [-34.88660941499032, -8.110392352958158], [-34.88637294182818, -8.110768345912044], [-34.88615526635464, -8.111155448939769], [-34.885956913020586, -8.111552729497598], [-34.8857783597331, -8.111959230519936], [-34.88562003670359, -8.11237397272486], [-34.885482325410784, -8.112795956973118], [-34.88536555768111, -8.113224166675034], [-34.88527001488861, -8.113657570239546], [-34.88519592727647, -8.114095123559249], [-34.885143473401556, -8.11453577252586], [-34.885112779703654, -8.114978455569625], [-34.885103920200066, -8.115422106216853]]]}}, {"type": "Feature", "properties": {"ponto_id": 8, "bairro": "Boa Viagem", "trecho": "Avenida Conselheiro Aguiar (Do nº 1501 até a Rua Baltazar Pereira)", "tipo": "Linha", "precisao": "Interseção", "verificada": "não", "prior_emlurb": "Não", "grupo": "G2", "lat": -8.101066, "lon": -34.886765, "raio_m": 1000}, "geometry": {"type": "Polygon", "coordinates": [[[-34.87769320209136, -8.101107867688253], [-34.877706186047796, -8.101551419625268], [-34.87774099372582, -8.10199380235774], [-34.87779754133907, -8.102433950125262], [-34.87787569272474, -8.102870802548562], [-34.87797525967102, -8.103303307184378], [-34.878096002369894, -8.103730422061039], [-34.8782376299943, -8.104151118189105], [-34.8783998013983, -8.104564382040458], [-34.87858212593838, -8.104969217990394], [-34.87878416441422, -8.10536465071649], [-34.879005430126426, -8.105749727548577], [-34.879245390048666, -8.106123520764223], [-34.879503466111686, -8.106485129824062], [-34.87977903659568, -8.106833683541563], [-34.88007143762801, -8.107168342182273], [-34.88037996478258, -8.107488299487159], [-34.88070387477685, -8.107792784615233], [-34.88104238726265, -8.108081064000997], [-34.881394686706265, -8.108352443122003], [-34.881759924353425, -8.108606268172279], [-34.88213722027434, -8.108841927637712], [-34.8825256654839, -8.109058853769541], [-34.88292432413197, -8.109256523952258], [-34.88333223575845, -8.109434461962977], [-34.883748417607585, -8.10959223911875], [-34.884171866996155, -8.109729475309486], [-34.88460156372964, -8.109845839913808], [-34.885036472560586, -8.109941052595575], [-34.88547554568332, -8.110014883979321], [-34.88591772525888, -8.110067156202764], [-34.886361945964154, -8.110097743345339], [-34.88680713755905, -8.110106571731427], [-34.88725222746552, -8.110093620107731], [-34.887696143352144, -8.110058919694374], [-34.888137815718245, -8.11000255410946], [-34.88857618047098, -8.109924659167433], [-34.8890101814895, -8.109825422551708], [-34.88943877316985, -8.109705083362147], [-34.889860922944465, -8.109563931538867], [-34.89027561377018, -8.109402307163338], [-34.890681846578914, -8.10922059963886], [-34.89107864268485, -8.109019246752043], [-34.89146504614255, -8.108798733617768], [-34.89184012605014, -8.10855959151022], [-34.892202978792234, -8.10830239658253], [-34.892552730216885, -8.108027768478467], [-34.8928885377416, -8.107736368839253], [-34.89320959238321, -8.107428899709236], [-34.89351512070671, -8.107106101844275], [-34.8938043866884, -8.106768752926877], [-34.89407669348881, -8.10641766569224], [-34.89433138513123, -8.106053685970117], [-34.8945678480816, -8.105677690646836], [-34.89478551272629, -8.105290585552467], [-34.89498385474377, -8.10489330327841], [-34.895162396367404, -8.104486800930529], [-34.8953207075357, -8.104072057823158], [-34.895458406927965, -8.103650073119752], [-34.89557516288216, -8.103221863425711], [-34.89567069419336, -8.102788460339148], [-34.89574477079045, -8.102350907965786], [-34.89579721428972, -8.10191026040347], [-34.89582789842391, -8.10146757920291], [-34.89583674934567, -8.101023930810287], [-34.895823745804755, -8.100580383998293], [-34.89578891919855, -8.10013800729148], [-34.89573235349571, -8.09969786639222], [-34.89565418503324, -8.099261021613632], [-34.89555460218742, -8.09882852532537], [-34.895433844919374, -8.098401419418698], [-34.895292204196494, -8.097980732796682], [-34.89513002129086, -8.097567478895886], [-34.89494768695675, -8.097162653245185], [-34.89474564048877, -8.096767231067817], [-34.894524368663355, -8.096382164932361], [-34.89428440456564, -8.09600838245823], [-34.89402632630514, -8.09564678408135], [-34.893750755622804, -8.095298240885361], [-34.89345835639317, -8.094963592503397], [-34.89314983302499, -8.094643645095692], [-34.89282592876434, -8.094339169407911], [-34.892487423904164, -8.094050898914643], [-34.89213513390473, -8.093779528052696], [-34.89176990742937, -8.093525710548501], [-34.89139262430029, -8.093290057843502], [-34.89100419337939, -8.09307313762135], [-34.89060555037919, -8.092875472440639], [-34.89019765560912, -8.092697538476086], [-34.88978149166258, -8.09253976437167], [-34.88935806105038, -8.092402530208098], [-34.88892838378623, -8.09228616658722], [-34.88849349493006, -8.092190953835706], [-34.88805444209518, -8.092117121329698], [-34.88761228292518, -8.092064846942286], [-34.88716808254665, -8.092034256614877], [-34.88672291100392, -8.09202542405375], [-34.88627784068194, -8.092038370552423], [-34.88583394372349, -8.092073064940118], [-34.88539228944698, -8.092129423656775], [-34.88495394177106, -8.092207310954084], [-34.88451995665207, -8.09230653922226], [-34.884091379540884, -8.092426869441827], [-34.88366924286475, -8.09256801175906], [-34.88325456354066, -8.092729626184033], [-34.88284834052597, -8.092911323409274], [-34.88245155241215, -8.093112665747363], [-34.88206515506768, -8.093333168185008], [-34.88169007933555, -8.093572299551038], [-34.881327228790944, -8.093829483795771], [-34.880977477564635, -8.09410410137832], [-34.88064166823722, -8.094395490758787], [-34.88032060980922, -8.094702949991632], [-34.8800150757521, -8.095025738416295], [-34.87972580214479, -8.095363078441196], [-34.879453485900186, -8.095714157416774], [-34.879198783085975, -8.096078129592819], [-34.87896230734377, -8.09645411815566], [-34.87874462841043, -8.096841217340357], [-34.878546270745055, -8.097238494612407], [-34.87836771226503, -8.097644992914121], [-34.87820938319413, -8.098059732970137], [-34.878071665025494, -8.098481715646379], [-34.877954889601966, -8.098909924356981], [-34.877859338316, -8.099343327513285], [-34.87778524143105, -8.09978088100891], [-34.87773277752622, -8.100221530735192], [-34.87770207306529, -8.100664215120593], [-34.87769320209136, -8.101107867688253]]]}}, {"type": "Feature", "properties": {"ponto_id": 9, "bairro": "Imbiribeira", "trecho": "Avenida Mascarenhas de Moraes (Da Rua General Mac Arthur até a Universo)", "tipo": "Linha", "precisao": "Interseção", "verificada": "não", "prior_emlurb": "Não", "grupo": "G3", "lat": -8.108934, "lon": -34.911777, "raio_m": 1000}, "geometry": {"type": "Polygon", "coordinates": [[[-34.902705157695316, -8.108976464759404], [-34.90271817114114, -8.10942000937435], [-34.90275300834686, -8.109862383363973], [-34.902809585455, -8.110302520988702], [-34.90288776623173, -8.110739361893481], [-34.9029873623944, -8.111171853662565], [-34.903108134064574, -8.111598954355083], [-34.90324979034535, -8.112019635015542], [-34.90341199002165, -8.112432882152904], [-34.90359434238176, -8.112837700182528], [-34.90379640815822, -8.113233113824998], [-34.90401770058571, -8.113618170455968], [-34.90425768657341, -8.11399194240152], [-34.90451578798904, -8.114353529173412], [-34.904791383051545, -8.1147020596387], [-34.905083807828895, -8.115036694118864], [-34.90539235783755, -8.115356626413007], [-34.90571628973969, -8.115661085740362], [-34.906054823134134, -8.115949338597552], [-34.90640714243657, -8.116220690526058], [-34.90677239884464, -8.116474487785428], [-34.9071497123831, -8.116710118928554], [-34.9075381740242, -8.11692701627496], [-34.90793684787796, -8.117124657278588], [-34.90834477344744, -8.11730256578694], [-34.90876096794307, -8.117460313188278], [-34.90918442865096, -8.117597519444333], [-34.90961413534913, -8.117713854006004], [-34.91004905276595, -8.117809036609705], [-34.9104881330749, -8.117882837952608], [-34.91093031841956, -8.117935080245008], [-34.9113745434628, -8.117965637638653], [-34.911819737953984, -8.117974436529813], [-34.912264829308, -8.11796145573646], [-34.912708745189896, -8.11792672654922], [-34.91315041609896, -8.117870332655738], [-34.91358877794585, -8.117792409938883], [-34.91402277461674, -8.11769314614919], [-34.91445136051818, -8.117572780452216], [-34.91487350309657, -8.117431602852129], [-34.915288185326204, -8.117269953492707], [-34.91569440815978, -8.117088221837626], [-34.91609119293565, -8.116886845731791], [-34.9164775837358, -8.116666310346186], [-34.916852649689034, -8.11642714700874], [-34.917215487213745, -8.116169931923853], [-34.91756522219483, -8.115895284783955], [-34.91790101208964, -8.115603867276217], [-34.91822204795768, -8.115296381488093], [-34.91852755640941, -8.114973568215621], [-34.91881680146921, -8.114636205178442], [-34.919089086348286, -8.114285105145767], [-34.91934375512293, -8.11392111397816], [-34.91958019431446, -8.113545108589483], [-34.91979783436668, -8.113157994833966], [-34.91999615101758, -8.11276070532381], [-34.9201746665618, -8.11235419718219], [-34.920332951000944, -8.111939449737278], [-34.920470623078884, -8.111517462162833], [-34.92058735119959, -8.111089251071006], [-34.920682854225355, -8.110655848063113], [-34.92075690215338, -8.110218297244488], [-34.92080931666915, -8.109777652709043], [-34.920839971575354, -8.109334975999973], [-34.92084879309516, -8.108891333552437], [-34.92083576004923, -8.108447794124576], [-34.92080090390608, -8.108005426222928], [-34.92074430870555, -8.10756529552843], [-34.92066611085574, -8.107128462329396], [-34.920566498803694, -8.106695978967359], [-34.920445712580886, -8.10626888730223], [-34.92030404322436, -8.105848216202558], [-34.92014183207513, -8.105434979067313], [-34.919959469955394, -8.105030171384803], [-34.9197573962266, -8.104634768334792], [-34.91953609773066, -8.104249722439627], [-34.91929610761684, -8.103875961269827], [-34.919038004057136, -8.103514385209861], [-34.918762408853276, -8.103165865289505], [-34.918469985938636, -8.102831241085735], [-34.91816143977883, -8.10251131870047], [-34.91783751367459, -8.102206868819058], [-34.917498987971285, -8.101918624853898], [-34.91714667817915, -8.101647281177883], [-34.91678143300895, -8.101393491451981], [-34.916404132327685, -8.101157867050759], [-34.91601568503932, -8.100940975589749], [-34.91561702689557, -8.100743339558342], [-34.91520911824212, -8.10056543506115], [-34.9147929417056, -8.100407690671275], [-34.914369499826954, -8.100270486397989], [-34.91393981264682, -8.100154152771294], [-34.913504915248865, -8.100058970045781], [-34.91306585526682, -8.099985167525437], [-34.912623690361336, -8.099932923011313], [-34.9121794856727, -8.09990236237306], [-34.91173431125554, -8.099893559245654], [-34.911289239501635, -8.099906534851922], [-34.91084534255717, -8.099941257951189], [-34.91040368974049, -8.099997644914438], [-34.909965344966686, -8.100075559925555], [-34.90953136418517, -8.100174815308197], [-34.909102792836364, -8.100295171977782], [-34.90868066333372, -8.100436340017078], [-34.90826599257702, -8.100597979374385], [-34.90785977950307, -8.10077970068235], [-34.907463002679535, -8.10098106619572], [-34.90707661794784, -8.101201590845523], [-34.90670155612072, -8.101440743407215], [-34.90633872074009, -8.101697947780181], [-34.90598898590036, -8.101972584375146], [-34.90565319414283, -8.10226399160649], [-34.90533215442594, -8.102571467485738], [-34.90502664017631, -8.102894271312264], [-34.904737387425364, -8.103231625457413], [-34.904465093035995, -8.1035827172376], [-34.904210413023485, -8.103946700871738], [-34.903973960974746, -8.104322699518518], [-34.903756306569804, -8.10470980738863], [-34.90355797420889, -8.10510709192657], [-34.90337944174865, -8.105513596057028], [-34.903221139350386, -8.105928340490477], [-34.903083448443205, -8.106350326082154], [-34.902966700804456, -8.106778536239004], [-34.90287117775982, -8.107211939368716], [-34.9027971095049, -8.107649491364775], [-34.90274467454996, -8.108090138121947], [-34.90271399928914, -8.10853281807562], [-34.902705157695316, -8.108976464759404]]]}}, {"type": "Feature", "properties": {"ponto_id": 11, "bairro": "Boa Viagem", "trecho": "Rua Professor José Brandão (Toda a extensão)", "tipo": "Linha", "precisao": "Aproximado", "verificada": "não", "prior_emlurb": "Não", "grupo": "G1", "lat": -8.111816, "lon": -34.894789, "raio_m": 1000}, "geometry": {"type": "Polygon", "coordinates": [[[-34.88571700334757, -8.111858101505756], [-34.885729999105685, -8.112301650873858], [-34.88576481903661, -8.112744030480547], [-34.88582137932454, -8.11318417457287], [-34.88589954377622, -8.113621022780327], [-34.88599912414842, -8.114053522669732], [-34.88611988060084, -8.114480632280763], [-34.88626152227334, -8.11490132263658], [-34.886423707986125, -8.115314580222888], [-34.886606047061285, -8.115719409429984], [-34.88680810026349, -8.116114834951613], [-34.887029380857825, -8.116499904134882], [-34.88726935578214, -8.116873689275712], [-34.88752744693097, -8.117235289854111], [-34.88780303254815, -8.117583834703922], [-34.88809544872455, -8.117918484111982], [-34.8884039909975, -8.118238431841448], [-34.888727916048, -8.118542907074355], [-34.889066443491494, -8.118831176268992], [-34.88941875775817, -8.119102544927443], [-34.88978401005795, -8.119356359268899], [-34.89016132042563, -8.119592007805032], [-34.89054977984119, -8.119808922813398], [-34.89094845242017, -8.12000658170529], [-34.89135637766877, -8.120184508285014], [-34.891772572798324, -8.12034227389719], [-34.89219603509348, -8.120479498459552], [-34.8926257443285, -8.120595851378765], [-34.89306066522569, -8.120691052346883], [-34.8934997499502, -8.1207648720167], [-34.893941940634996, -8.120817132554205], [-34.89438617193009, -8.120847708067043], [-34.894831373569765, -8.12085652490768], [-34.895276472951686, -8.120843561850702], [-34.895720397721504, -8.120808850143847], [-34.896162078357065, -8.120752473432507], [-34.896600450745524, -8.12067456755801], [-34.89703445874757, -8.120575320230188], [-34.89746305674237, -8.120454970574805], [-34.89788521214709, -8.120313808557256], [-34.89829990790499, -8.120152174283678], [-34.89870614493607, -8.11997045718129], [-34.89910294454434, -8.119769095059855], [-34.899489350775916, -8.119548573056585], [-34.89986443272227, -8.119309422467108], [-34.90022728676312, -8.11905221946506], [-34.90057703874343, -8.118777583713724], [-34.900912846079414, -8.118486176872818], [-34.90123389978844, -8.118178701004084], [-34.90153942643779, -8.117855896879679], [-34.90182869000789, -8.117518542197217], [-34.90210099366517, -8.117167449705827], [-34.90235568144058, -8.116803465247951], [-34.90259213980949, -8.116427465721355], [-34.902809799169404, -8.116040356966227], [-34.903008135211664, -8.115643071582802], [-34.9031866701841, -8.115236566684427], [-34.90334497404141, -8.114821821591562], [-34.9034826654806, -8.114399835472433], [-34.903599412858945, -8.113971624935806], [-34.90369493499228, -8.113538221581798], [-34.903769001831726, -8.113100669516724], [-34.9038214350172, -8.11266002283764], [-34.903852108306396, -8.11221734309306], [-34.903860947878194, -8.111773696725606], [-34.903847932509805, -8.111330152503013], [-34.90381309362719, -8.110887778943523], [-34.903756515228665, -8.110447641741848], [-34.903678333681896, -8.110010801202122], [-34.90357873739476, -8.109578309683696], [-34.90345796636081, -8.109151209066267], [-34.90331631158064, -8.10873052824007], [-34.90315411436024, -8.108317280627617], [-34.90297176548838, -8.10791246174256], [-34.90276970429473, -8.107517046791743], [-34.90254841759115, -8.107131988326266], [-34.902308438498636, -8.106758213946982], [-34.90205034516279, -8.106396624070246], [-34.90177475936086, -8.106048089759154], [-34.901482345003735, -8.105713450625371], [-34.90117380653656, -8.105393512806794], [-34.90084988724171, -8.105089047025944], [-34.90051136744828, -8.104800786733497], [-34.90015906265242, -8.104529426341648], [-34.89979382155301, -8.104275619551583], [-34.899416524007385, -8.104039977778905], [-34.89902807891206, -8.103823068680933], [-34.8986294220136, -8.103625414789446], [-34.89822151365479, -8.103447492251984], [-34.89780533646165, -8.103289729684997], [-34.89738189297678, -8.10315250714142], [-34.89695220324477, -8.10303615519515], [-34.89651730235548, -8.102940954144767], [-34.896078237951095, -8.102867133338263], [-34.89563606770293, -8.102814870620598], [-34.89519185676417, -8.102784291905126], [-34.89474667520449, -8.102775470870215], [-34.89430159543284, -8.102788428781684], [-34.893857689614705, -8.102823134441339], [-34.89341602708975, -8.102879504262033], [-34.89297767179638, -8.102957402468796], [-34.89254367970927, -8.103056641425638], [-34.892115096295996, -8.103176982087422], [-34.891692953998955, -8.103318134575352], [-34.89127826974867, -8.103479758875075], [-34.89087204251428, -8.103661465655426], [-34.89047525089747, -8.103862817206043], [-34.890088850775136, -8.104083328491523], [-34.88971377299698, -8.104322468319454], [-34.88935092114313, -8.104579660619839], [-34.88900116934758, -8.104854285832461], [-34.88866536019231, -8.105145682399085], [-34.88834430267752, -8.105453148356927], [-34.888038770272516, -8.10577594302928], [-34.88774949905235, -8.10611328880955], [-34.88747718592424, -8.106464373034342], [-34.88722248694847, -8.106828349940827], [-34.88698601575751, -8.107204342703966], [-34.88676834207736, -8.107591445548701], [-34.88656999035458, -8.10798872593172], [-34.886391438492346, -8.108395226787835], [-34.886233116698634, -8.10880996883551], [-34.88609540644915, -8.109231952935854], [-34.885978639567796, -8.109660162499534], [-34.88588309742656, -8.110093565935813], [-34.885809010267, -8.110531119137573], [-34.88575655664489, -8.110971767996817], [-34.885725862999365, -8.111414450944029], [-34.88571700334757, -8.111858101505756]]]}}, {"type": "Feature", "properties": {"ponto_id": 12, "bairro": "Boa Viagem", "trecho": "Rua Padre Bernardino Pessoa (Da Avenida Conselheiro Aguiar até a Via Mangue)", "tipo": "Linha", "precisao": "Aproximado", "verificada": "não", "prior_emlurb": "Não", "grupo": "G1", "lat": -8.112935, "lon": -34.896796, "raio_m": 1000}, "geometry": {"type": "Polygon", "coordinates": [[[-34.887723988818344, -8.1129771519643], [-34.88773698708372, -8.113420700732155], [-34.88777180955106, -8.113863079618504], [-34.887828372398474, -8.114303222872097], [-34.887906539426524, -8.114740070124446], [-34.88800612238578, -8.115172568944642], [-34.88812688142973, -8.115599677374924], [-34.88826852569195, -8.116020366441273], [-34.88843071398646, -8.116433622632492], [-34.88861305562908, -8.116838450342215], [-34.88881511137829, -8.117233874267784], [-34.88903639449306, -8.117618941760137], [-34.88927637190513, -8.117992725119247], [-34.889534465503054, -8.11835432382941], [-34.88981005352472, -8.118702866728958], [-34.890102472055204, -8.119037514109419], [-34.89041101662617, -8.119357459738824], [-34.890734943913024, -8.119661932804265], [-34.89107347352584, -8.11995019976925], [-34.891425789889546, -8.12022156614122], [-34.89179104420898, -8.120475378144892], [-34.892168356514055, -8.120711024297561], [-34.89255681778009, -8.12092793688253], [-34.892955492118126, -8.121125593316936], [-34.893363419030095, -8.121303517411015], [-34.89377961572331, -8.12146128051538], [-34.89420307947864, -8.121598502553814], [-34.89463279006681, -8.121714852939084], [-34.895067712206846, -8.121810051369355], [-34.89550679806087, -8.121883868503545], [-34.895948989759134, -8.12193612651377], [-34.89639322194918, -8.12196669951378], [-34.89683842436315, -8.121975513862123], [-34.89728352439679, -8.121962548339386], [-34.897727449694216, -8.121927834199282], [-34.89816913073196, -8.121871455093071], [-34.89860750339621, -8.12179354686788], [-34.899041511547004, -8.121694297239216], [-34.89947010956314, -8.121573945338401], [-34.899892264861734, -8.121432781136269], [-34.9003069603863, -8.121271144744224], [-34.900713197057414, -8.12108942559461], [-34.901109996179954, -8.120888061502141], [-34.90149640180121, -8.120667537608785], [-34.90187148301416, -8.120428385214744], [-34.902234336200266, -8.120171180498005], [-34.90258408720659, -8.119896543126004], [-34.9029198934517, -8.119605134762361], [-34.9032409459556, -8.119297657472497], [-34.90354647128852, -8.118974852031998], [-34.90383573343405, -8.118637496141655], [-34.90410803556208, -8.118286402553508], [-34.904362721707265, -8.117922417112641], [-34.904599178348924, -8.11754641671918], [-34.90481683588874, -8.117159307215408], [-34.90501517002246, -8.116762021203353], [-34.90519370300253, -8.116355515797872], [-34.90535200478849, -8.115940770320636], [-34.905489694082334, -8.115518783940786], [-34.905606439246526, -8.115090573267707], [-34.90570195910225, -8.114657169901829], [-34.905776023606144, -8.114219617949487], [-34.90582845440376, -8.113778971507442], [-34.90585912525856, -8.113336292123627], [-34.90586796235531, -8.112892646239775], [-34.90585494447716, -8.112449102622442], [-34.90582010305617, -8.112006729788387], [-34.905763522096755, -8.111566593430558], [-34.90568533797276, -8.111129753851044], [-34.905585739098264, -8.11069726340686], [-34.90546496547308, -8.110270163975093], [-34.90532330810401, -8.109849484443108], [-34.905161108303304, -8.109436238230286], [-34.90497875686594, -8.109031420846883], [-34.904776693127744, -8.108636007496116], [-34.90455540390671, -8.108250950725205], [-34.904315422329894, -8.107877178130925], [-34.904057326548866, -8.10751559012531], [-34.90378173834673, -8.107167057766931], [-34.90348932164017, -8.10683242066275], [-34.903180780879964, -8.10651248494576], [-34.902856859353996, -8.10620802133342], [-34.90251833739671, -8.105919763271178], [-34.902166030509456, -8.105648405165846], [-34.90180078739612, -8.10539460071311], [-34.90142348791888, -8.105158961322942], [-34.90103504097888, -8.104942054646925], [-34.90063638232712, -8.104744403211008], [-34.900228472310566, -8.10456648315681], [-34.89981229355923, -8.104408723094826], [-34.89938884861943, -8.104271503071963], [-34.89895915753926, -8.10415515365605], [-34.898524255411786, -8.104059955139585], [-34.898085189882174, -8.103986136864474], [-34.89764301862445, -8.103933876669592], [-34.897198806794194, -8.103903300462228], [-34.896753624463216, -8.10389448191473], [-34.896308544042334, -8.10390744228694], [-34.89586463769855, -8.103942150374758], [-34.89542297477283, -8.103998522585199], [-34.894984619204514, -8.104076423137554], [-34.89455062696896, -8.104175664390208], [-34.89412204353407, -8.104296007292504], [-34.89369990134231, -8.104437161960272], [-34.89328521732394, -8.104598788373927], [-34.89287899044758, -8.104780497197217], [-34.89248219931401, -8.104981850714882], [-34.892095799799016, -8.105202363886795], [-34.891720722750826, -8.105441505516009], [-34.89135787174782, -8.105698699528196], [-34.89100812092196, -8.10597332635903], [-34.89067231285292, -8.106264724446394], [-34.89035125653826, -8.106572191823837], [-34.89004572544446, -8.106894987811238], [-34.8897564556434, -8.10723233479884], [-34.88948414403892, -8.10758342012035], [-34.88922944668764, -8.10794739801028], [-34.88899297721813, -8.108323391641237], [-34.88877530535228, -8.10871049523606], [-34.8885769555323, -8.109107776249628], [-34.8883984056568, -8.109514277615226], [-34.88824008592897, -8.109929020050082], [-34.88810237781959, -8.110351004414362], [-34.887985613147414, -8.110779214118084], [-34.88789007327912, -8.111212617570157], [-34.88781598845081, -8.111650170663422], [-34.887763537212656, -8.112090819290124], [-34.88773284599806, -8.11253350188129], [-34.887723988818344, -8.1129771519643]]]}}, {"type": "Feature", "properties": {"ponto_id": 18, "bairro": "Boa Viagem", "trecho": "Rua Jornalista Alfredo Porto Silveira (Toda a extensão)", "tipo": "Linha", "precisao": "Aproximado", "verificada": "não", "prior_emlurb": "Não", "grupo": "isolado", "lat": -8.138796, "lon": -34.913979, "raio_m": 1000}, "geometry": {"type": "Polygon", "coordinates": [[[-34.90490649885086, -8.138838669208342], [-34.90491952329661, -8.139282212358086], [-34.904954373063504, -8.139724584394333], [-34.90501096426405, -8.140164719582195], [-34.905089160630745, -8.140601557572419], [-34.905188773843626, -8.141034045956228], [-34.905309563983415, -8.141461142800825], [-34.90545124010894, -8.141881819159913], [-34.90561346095751, -8.142295061552709], [-34.9057958357666, -8.142699874405906], [-34.905997925214834, -8.143095282452451], [-34.90621924248, -8.143480333081353], [-34.90645925441155, -8.143854098633035], [-34.906717382814826, -8.144215678634534], [-34.90699300584381, -8.144564201969091], [-34.90728545949913, -8.144898828975222], [-34.9075940392277, -8.145218753469909], [-34.90791800162011, -8.145523204691042], [-34.90825656620166, -8.145811449154651], [-34.90860891731283, -8.146082792422304], [-34.908974206074575, -8.14633658077429], [-34.90935155243359, -8.146572202784851], [-34.90974004728289, -8.1467890907954], [-34.910138754652365, -8.14698672228227], [-34.91054671396412, -8.147164621115795], [-34.91096294234712, -8.147322358707463], [-34.911386437005596, -8.147459555042568], [-34.911816177635565, -8.147575879595841], [-34.91225112888339, -8.147671052127764], [-34.9126902428408, -8.147744843359737], [-34.91313246157005, -8.147797075526386], [-34.91357671965331, -8.147827622803838], [-34.91402194676007, -8.147836411612744], [-34.91446707022637, -8.147823420795369], [-34.91491101763963, -8.147788681666524], [-34.91535271942291, -8.147732277937832], [-34.91579111141224, -8.14765434551592], [-34.916225137420916, -8.147555072174766], [-34.91665375178458, -8.147434697103009], [-34.91707592188085, -8.147293510327481], [-34.9174906306175, -8.147131852014166], [-34.91789687888321, -8.146950111648406], [-34.91829368795489, -8.146748727096213], [-34.91868010185585, -8.146528183549027], [-34.91905518965913, -8.146289012354558], [-34.91941804773039, -8.146031789736274], [-34.91976780190496, -8.145757135404871], [-34.9201036095939, -8.145465711064986], [-34.920424661813854, -8.145158218820658], [-34.92073018513587, -8.144835399483616], [-34.92101944354857, -8.144498030788228], [-34.92129174023104, -8.14414692551747], [-34.92154641923124, -8.14378292954465], [-34.92178286704596, -8.14340691979532], [-34.92200051409837, -8.143019802134322], [-34.92219883610976, -8.142622509183362], [-34.92237735536204, -8.142215998074004], [-34.92253564184808, -8.141801248141654], [-34.92267331430704, -8.141379258566127], [-34.92279004114221, -8.140951045964462], [-34.92288554121922, -8.14051764194166], [-34.922959584542625, -8.140080090605535], [-34.92301199280929, -8.13963944605127], [-34.92304263983722, -8.139196769822124], [-34.92305145186882, -8.138753128352088], [-34.9230384077479, -8.138309590396942], [-34.92300353896993, -8.137867224459645], [-34.92294692960545, -8.137427096216364], [-34.922868716096936, -8.136990265949457], [-34.922769086929414, -8.136557785993322], [-34.9226482821758, -8.136130698199599], [-34.92250659291803, -8.135710031427422], [-34.92234436054526, -8.135296799065241], [-34.92216197593099, -8.134891996589769], [-34.92195987849103, -8.134496599168104], [-34.92173855512457, -8.134111559308925], [-34.92149853904089, -8.133737804568083], [-34.92124040847466, -8.133376235314433], [-34.92096478529271, -8.133027722561229], [-34.920672333495894, -8.132693105868047], [-34.9203637576194, -8.132373191318573], [-34.92003980103555, -8.132068749579158], [-34.919701244163086, -8.131780514042449], [-34.91934890258728, -8.131509179060911], [-34.91898362509538, -8.13125539827445], [-34.91860629163212, -8.131019783035969], [-34.91821781118032, -8.13080290093883], [-34.91781911957141, -8.130605274449755], [-34.917411177231536, -8.13042737965028], [-34.91699496686825, -8.130269645090062], [-34.91657149110378, -8.13013245075462], [-34.91614177006018, -8.130016127149954], [-34.91570683890243, -8.129920954506456], [-34.915267745345346, -8.129847162103793], [-34.91482554713019, -8.129794927718624], [-34.91438130947724, -8.129764377196178], [-34.913936102520246, -8.129755584147063], [-34.91349099872912, -8.129768569769837], [-34.91304707032693, -8.12980330279973], [-34.91260538670758, -8.129859699583841], [-34.912167011860085, -8.129937624282439], [-34.911733001806056, -8.130036889195917], [-34.91130440205621, -8.1301572552168], [-34.91088224509218, -8.130298432405418], [-34.91046754787973, -8.130460080688119], [-34.9100613094192, -8.130641810676153], [-34.90966450833924, -8.130843184603465], [-34.90927810053959, -8.13106371738093], [-34.908903016888424, -8.131302877764552], [-34.90854016098013, -8.131560089634986], [-34.90819040695852, -8.131834733385041], [-34.907854597411074, -8.132126147411977], [-34.90753354133905, -8.13243362971109], [-34.90722801220847, -8.132756439566418], [-34.90693874608668, -8.133093799334905], [-34.906666439868836, -8.133444896319546], [-34.9064117495988, -8.133808884726843], [-34.90617528888831, -8.134184887704098], [-34.905957627438404, -8.134571999451685], [-34.90575928966645, -8.134969287404852], [-34.90558075344231, -8.135375794480154], [-34.905422448936555, -8.13579054138106], [-34.90528475758358, -8.136212528956925], [-34.90516801116205, -8.136640740609979], [-34.90507249099496, -8.137074144744359], [-34.90499842727123, -8.137511697251165], [-34.90494599849046, -8.137952344023955], [-34.904915331032235, -8.138395023498095], [-34.90490649885086, -8.138838669208342]]]}}, {"type": "Feature", "properties": {"ponto_id": 19, "bairro": "Pina", "trecho": "Rua São Luiz (Final da rua)", "tipo": "Ponto", "precisao": "Aproximado", "verificada": "não", "prior_emlurb": "Não", "grupo": "isolado", "lat": -8.089716, "lon": -34.888275, "raio_m": 1000}, "geometry": {"type": "Polygon", "coordinates": [[[-34.87920346394077, -8.089757842975677], [-34.87921644631344, -8.090201394802225], [-34.87925125178073, -8.090643777483685], [-34.87930779656147, -8.09108392525977], [-34.8793859444996, -8.091520777751189], [-34.87948550739149, -8.091953282514515], [-34.87960624543881, -8.092380397577793], [-34.87974786782559, -8.092801093951127], [-34.879910033418426, -8.093214358105849], [-34.88009235158773, -8.093619194416531], [-34.88029438314844, -8.094014627559917], [-34.880515641417745, -8.094399704864864], [-34.8807555933872, -8.09477349860784], [-34.88101366100664, -8.09513510824824], [-34.88128922257654, -8.095483662598188], [-34.88158161424574, -8.09581832192174], [-34.88189013161063, -8.09613827995827], [-34.882214031412275, -8.096442765865085], [-34.88255253332702, -8.096731046074849], [-34.882904821846644, -8.09700242606319], [-34.8832700482432, -8.097256252022088], [-34.88364733261401, -8.097491912435308], [-34.88403576600185, -8.097708839551837], [-34.8844344125851, -8.097906510753859], [-34.88484231193277, -8.098084449816069], [-34.88525848131874, -8.09824222805304], [-34.88568191808991, -8.098379465352119], [-34.8861116020822, -8.098495831089291], [-34.88654649807896, -8.098591044925735], [-34.88698555830552, -8.098664877483229], [-34.88742772495406, -8.098717150896691], [-34.88787193273273, -8.09874773924271], [-34.88831711143267, -8.098756568842804], [-34.888762188507, -8.098743618440748], [-34.88920609165534, -8.098708919253749], [-34.88964775140777, -8.098652554896947], [-34.890086103701954, -8.098574661181843], [-34.890520092447176, -8.098475425788875], [-34.89094867206912, -8.098355087814966], [-34.89137081002937, -8.098213937197274], [-34.89178548931334, -8.098052314014362], [-34.89219171088082, -8.097870607666621], [-34.892588496073145, -8.097669255937802], [-34.89297488897124, -8.097448743939966], [-34.89334995869876, -8.097209602944519], [-34.89371280166486, -8.09695240910188], [-34.89406254374122, -8.09667778205315], [-34.89439834236789, -8.096386383436982], [-34.894719388583184, -8.096078915295195], [-34.895024908972395, -8.095756118381228], [-34.89531416753094, -8.09541877037524], [-34.89558646743725, -8.095067684010184], [-34.89584115273118, -8.094703705113671], [-34.89607760989398, -8.094327710569987], [-34.89629526932588, -8.093940606207267], [-34.89649360671792, -8.093543324615105], [-34.89667214431449, -8.093136822897671], [-34.89683045206381, -8.092722080367741], [-34.89696814865329, -8.092300096187332], [-34.897084902427615, -8.091871886960538], [-34.897180432187, -8.09143848428432], [-34.89725450786399, -8.091000932263373], [-34.897306951077, -8.090560284994666], [-34.89733763555935, -8.090117604028176], [-34.89734648746276, -8.0896739558095], [-34.897333485534524, -8.089230409110897], [-34.897298661168016, -8.088788032456632], [-34.89724209832641, -8.088347891548942], [-34.897163933339705, -8.087911046700984], [-34.897064354575704, -8.087478550282562], [-34.89694360198562, -8.087051444185272], [-34.896801966525445, -8.086630757312655], [-34.89663978945451, -8.086217503101894], [-34.896457461512945, -8.085812677082641], [-34.89625542197991, -8.085417254479044], [-34.896034157615, -8.085032187860737], [-34.89579420148535, -8.084658404848346], [-34.89553613168123, -8.084296805879122], [-34.89526056992317, -8.08394826203818], [-34.894968180064154, -8.083613612960251], [-34.89465966649035, -8.083293664807284], [-34.89433577242419, -8.082989188326808], [-34.893997278134094, -8.082700916995362], [-34.89364499905485, -8.082429545251822], [-34.893279783823495, -8.082175726824795], [-34.89290251223517, -8.081940073157998], [-34.89251409312401, -8.081723151937455], [-34.892115462174125, -8.08152548572421], [-34.89170757966597, -8.081347550695524], [-34.89129142816346, -8.081189775497974], [-34.89086801014751, -8.081052540214948], [-34.89043834560153, -8.080936175451031], [-34.89000346955492, -8.08084096153569], [-34.88956442959023, -8.080767127847896], [-34.88912228332011, -8.080714852263617], [-34.88867809584019, -8.080684260727168], [-34.88823293716382, -8.080675426947769], [-34.887787879645046, -8.080688372221875], [-34.88734399539593, -8.080723065381683], [-34.886902353704365, -8.080779422870084], [-34.88646401845875, -8.080857308941736], [-34.88603004558564, -8.080956535989795], [-34.885601480506466, -8.081076864997717], [-34.885179355619606, -8.081218006114687], [-34.884764687813735, -8.081379619353642], [-34.88435847601853, -8.08156131540995], [-34.88396169879853, -8.081762656598983], [-34.88357531199603, -8.081983157910175], [-34.8832002464287, -8.08222228817504], [-34.88283740564729, -8.082479471346504], [-34.882487663759086, -8.082754087886224], [-34.88215186332223, -8.083045476256771], [-34.88183081331585, -8.08335293451499], [-34.88152528719115, -8.083675722002624], [-34.88123602100795, -8.084013061130294], [-34.880963711661266, -8.084364139250553], [-34.880709015202136, -8.084728110615188], [-34.88047254525686, -8.085104098412454], [-34.88025487154827, -8.085491196879186], [-34.88005651852286, -8.085888473482573], [-34.87987796408678, -8.086294971166483], [-34.879719638454, -8.086709710656992], [-34.8795819231093, -8.087131692821352], [-34.87946514988866, -8.087559901074885], [-34.87936960017912, -8.087993303830004], [-34.879295504240275, -8.088430856981251], [-34.87924304064884, -8.088871506420777], [-34.87921233586775, -8.089314190577694], [-34.87920346394077, -8.089757842975677]]]}}, {"type": "Feature", "properties": {"ponto_id": 22, "bairro": "Jordão", "trecho": "Avenida Maria Irene (Vários trechos)", "tipo": "Vários", "precisao": "Aproximado", "verificada": "não", "prior_emlurb": "Não", "grupo": "isolado", "lat": -8.140505, "lon": -34.927358, "raio_m": 1000}, "geometry": {"type": "Polygon", "coordinates": [[[-34.91828553173006, -8.140547977030703], [-34.91829857130274, -8.140991516292855], [-34.91833343608217, -8.14143388370923], [-34.91839004214469, -8.141874013555931], [-34.918468253186965, -8.14231084549647], [-34.918567880853644, -8.142743327136523], [-34.91868868519061, -8.143170416559437], [-34.91883037522241, -8.143591084836677], [-34.91899260965282, -8.144004318506838], [-34.919174997686504, -8.144409122017539], [-34.919377099970134, -8.144804520124145], [-34.919598429650506, -8.145189560239531], [-34.919838453547065, -8.145563314729392], [-34.92009659343621, -8.145924883147348], [-34.920372227444155, -8.146273394404503], [-34.92066469154496, -8.146608008868435], [-34.92097328116025, -8.146927920386323], [-34.921297252856675, -8.1472323582273], [-34.921635826137006, -8.147520588939631], [-34.92198818532066, -8.14779191811802], [-34.92235348150898, -8.148045692076737], [-34.92273083463067, -8.148281299424717], [-34.923119335562355, -8.148498172538751], [-34.923518048319146, -8.148695788931112], [-34.923926012310055, -8.148873672508564], [-34.924342244652685, -8.149031394719426], [-34.924765742541645, -8.149168575586126], [-34.925195485665064, -8.14928488462076], [-34.92563043866324, -8.149380041621287], [-34.92606955362361, -8.149453817346632], [-34.92651177260597, -8.149506034068885], [-34.92695603019184, -8.149536566001496], [-34.92740125605186, -8.1495453396022], [-34.927846377525064, -8.149532333750024], [-34.92829032220367, -8.14949757979611], [-34.92873202051733, -8.149441161487921], [-34.92917040831043, -8.149363214767316], [-34.92960442940643, -8.149263927442838], [-34.93003303815284, -8.149143538736928], [-34.93045520194086, -8.149002338709366], [-34.93086990369353, -8.148840667558158], [-34.931276144316406, -8.14865891479967], [-34.93167294510491, -8.14845751832985], [-34.93205935010239, -8.14823696336892], [-34.93243442840343, -8.147997781292165], [-34.9327972763967, -8.147740548349315], [-34.93314701994191, -8.147465884275988], [-34.933482816475845, -8.147174450800328], [-34.933803857042136, -8.146866950048402], [-34.93410936824003, -8.146544122852442], [-34.934398614087485, -8.146206746965756], [-34.93467089779398, -8.145855635188635], [-34.93492556343884, -8.14549163341003], [-34.93516199755117, -8.145115618569449], [-34.93537963058726, -8.144728496543953], [-34.935577938302266, -8.144331199965704], [-34.935756443012664, -8.143924685974948], [-34.93591471474645, -8.14350993391394], [-34.936052372278404, -8.143087942967556], [-34.93616908404788, -8.142659729756033], [-34.936264568956865, -8.142226325885746], [-34.93633859704652, -8.141788775464041], [-34.93639099005047, -8.141348132583781], [-34.93642162182351, -8.14090545878408], [-34.93643041864485, -8.140461820492964], [-34.936417359394966, -8.140018286458433], [-34.93638247560575, -8.139575925173876], [-34.936325851383934, -8.139135802304137], [-34.936247623207755, -8.138698978118516], [-34.93614797959754, -8.138266504936642], [-34.936027160660984, -8.137839424593725], [-34.93588545751411, -8.137418765930844], [-34.935723211579486, -8.137005542316817], [-34.93554081376321, -8.136600749207185], [-34.93533870351282, -8.136205361746404], [-34.93511736775827, -8.135820332419076], [-34.934877339738584, -8.13544658875562], [-34.93461919771708, -8.135085031098143], [-34.93434356358811, -8.13473653043191], [-34.934051101378735, -8.134401926287358], [-34.93374251564913, -8.134082024717914], [-34.933418549795235, -8.133777596358648], [-34.933079984258, -8.13348937456997], [-34.93272763464345, -8.133218053671238], [-34.93236234975807, -8.132964287268454], [-34.93198500956431, -8.132728686679902], [-34.931596523061046, -8.132511819463707], [-34.931197826094206, -8.132314208050786], [-34.93078987910272, -8.132136328486427], [-34.930373664805266, -8.131978609283657], [-34.92995018583345, -8.131841430391086], [-34.929520462316965, -8.131725122277597], [-34.929085529426686, -8.131629965136367], [-34.928646434881514, -8.131556188209824], [-34.92820423642507, -8.131503969237443], [-34.927759999278145, -8.131473434027447], [-34.92731479357324, -8.131464656153664], [-34.926869691777235, -8.131477656778221], [-34.926425766108416, -8.131512404600318], [-34.92598408595405, -8.131568815931542], [-34.92554571529486, -8.131646754897233], [-34.92511171014238, -8.131746033763527], [-34.92468311599557, -8.131866413389446], [-34.92426096532262, -8.132007603802645], [-34.923846275074176, -8.132169264897712], [-34.92344004423389, -8.132351007255137], [-34.92304325141214, -8.132552393079134], [-34.92265685248884, -8.132772937251998], [-34.92228177831092, -8.133012108502351], [-34.921918932450005, -8.133269330684723], [-34.92156918902583, -8.133543984167124], [-34.92123339060046, -8.133835407323408], [-34.92091234614849, -8.134142898126889], [-34.92060682910807, -8.134465715841143], [-34.92031757551751, -8.134803082804174], [-34.92004528224192, -8.135154186301634], [-34.91979060529411, -8.13551818052431], [-34.91955415825385, -8.135894188605464], [-34.91933651078934, -8.13628130473312], [-34.919138187284375, -8.136678596331924], [-34.91895966557456, -8.137085106309593], [-34.918801375795596, -8.137499855362506], [-34.91866369934649, -8.13792184433477], [-34.91854696797009, -8.138350056625145], [-34.91845146295321, -8.138783460636132], [-34.918377414448344, -8.13922101225904], [-34.91832500091849, -8.139661657389425], [-34.91829434870652, -8.14010433446651], [-34.91828553173006, -8.140547977030703]]]}}, {"type": "Feature", "properties": {"ponto_id": 24, "bairro": "Ipsep", "trecho": "Rua Blumenau (Até a maré)", "tipo": "Linha", "precisao": "Aproximado", "verificada": "não", "prior_emlurb": "Sim", "grupo": "isolado", "lat": -8.107611, "lon": -34.920256, "raio_m": 1000}, "geometry": {"type": "Polygon", "coordinates": [[[-34.911184232436774, -8.107653646567234], [-34.911197254738745, -8.108097188792001], [-34.91123210059999, -8.108539559959086], [-34.91128868614215, -8.108979694335648], [-34.91136687511104, -8.109416531574382], [-34.91146647920425, -8.109849019268317], [-34.911587258524186, -8.11027611548632], [-34.91172892215547, -8.11069679128362], [-34.91189112886524, -8.111110033180841], [-34.91207348792481, -8.111514845605914], [-34.91227556005049, -8.111910253292884], [-34.912496858461594, -8.112295303631702], [-34.91273685005281, -8.112669068963584], [-34.91299495667831, -8.113030648816189], [-34.9132705565444, -8.11337917207323], [-34.91356298570737, -8.113713799073535], [-34.913871539673075, -8.114033723634225], [-34.91419547509407, -8.114338174993165], [-34.91453401156062, -8.114626419666191], [-34.91488633348093, -8.11489776321451], [-34.91525159204627, -8.115151551917888], [-34.91562890727615, -8.115387174349856], [-34.91601737013865, -8.115604062850974], [-34.916416044740814, -8.115801694896524], [-34.91682397058382, -8.115979594355645], [-34.91724016487741, -8.11613733263846], [-34.91766362490814, -8.116274529728718], [-34.91809333045561, -8.116390855099471], [-34.91852824625095, -8.116486028509339], [-34.918967324471524, -8.116559820677722], [-34.919409507265925, -8.116612053837077], [-34.91985372930316, -8.116642602161239], [-34.92029892033984, -8.116651392068398], [-34.92074400779918, -8.11663840239825], [-34.92118791935564, -8.116603664462875], [-34.92162958551893, -8.116547261971068], [-34.9220679422112, -8.116469330826487], [-34.92250193333106, -8.116370058800035], [-34.92293051329849, -8.116249685077184], [-34.92335264957424, -8.11610849968149], [-34.92376732514783, -8.115946842775573], [-34.924173540988065, -8.115765103841335], [-34.92457031845021, -8.11556372074127], [-34.924956701633924, -8.115343178663244], [-34.92533175968646, -8.115104008951343], [-34.9256945890453, -8.114846787825353], [-34.9260443156151, -8.114572134992276], [-34.92638009687355, -8.114280712153015], [-34.92670112390105, -8.113973221407855], [-34.927006623329405, -8.11365040356479], [-34.92729585920484, -8.113313036354455], [-34.92756813476073, -8.112961932556095], [-34.927822794095945, -8.112597938039327], [-34.928059223754566, -8.112221929726042], [-34.928276854203446, -8.111834813477488], [-34.92847516120377, -8.11143752191181], [-34.928653667073476, -8.111031012157103], [-34.92881194183753, -8.110616263545358], [-34.92894960426315, -8.11019427525309], [-34.9290663227776, -8.10976606389411], [-34.92916181626633, -8.10933266107031], [-34.929235854749535, -8.108895110886516], [-34.92928825993549, -8.108454467435026], [-34.929318905649346, -8.108011792256365], [-34.92932771813642, -8.107568151781916], [-34.929314676239116, -8.107124614764993], [-34.92927981144727, -8.106682249706253], [-34.92922320782154, -8.106242122279713], [-34.92914500179027, -8.105805292765742], [-34.929045381820195, -8.105372813496924], [-34.928924587961795, -8.104945726323244], [-34.928782911270474, -8.104525060102372], [-34.92862069310486, -8.104111828221464], [-34.92843832430398, -8.103707026156119], [-34.92823624424532, -8.10331162907253], [-34.92801493978598, -8.102926589478626], [-34.927774944089514, -8.10255283492971], [-34.927516835341294, -8.10219126579428], [-34.927241235355446, -8.10184275308541], [-34.92694880807682, -8.101508136362689], [-34.92664025798145, -8.10118822171001], [-34.92631632837948, -8.1008837797941], [-34.925977799624604, -8.10059554400817], [-34.92562548723437, -8.100324208705432], [-34.925260239925706, -8.10007042752671], [-34.92488293757071, -8.099834811826002], [-34.92449448907731, -8.099617929197931], [-34.92409583020005, -8.099420302110646], [-34.92368792128636, -8.09924240664726], [-34.92327174496343, -8.099084671359172], [-34.92284830377164, -8.098947476233786], [-34.922418617749955, -8.098831151779132], [-34.92198372197922, -8.098735978227767], [-34.92154466408921, -8.098662184861656], [-34.92110250173554, -8.098609949459862], [-34.920658300052345, -8.098579397870168], [-34.92021312908699, -8.098570603705816], [-34.919768061222975, -8.09858358816812], [-34.91932416859712, -8.098618319995143], [-34.91888252051739, -8.09867471553693], [-34.91844418088751, -8.09875263895675], [-34.918010205644514, -8.098851902558089], [-34.91758164021555, -8.098972267236617], [-34.91715951699984, -8.09911344305588], [-34.91674485288209, -8.099275089945486], [-34.91633864678317, -8.099456818519991], [-34.915941877254006, -8.099658191016676], [-34.91555550011852, -8.099878722349791], [-34.91518044617123, -8.10011788127872], [-34.91481761893512, -8.100375091687535], [-34.91446789248508, -8.100649733972443], [-34.914132109342276, -8.100941146534124], [-34.91381107844445, -8.101248627371266], [-34.91350557319707, -8.101571435771305], [-34.91321632960995, -8.101908794094545], [-34.91294404452398, -8.10225988964732], [-34.912689373932096, -8.102623876639433], [-34.91245293139859, -8.10299987822146], [-34.91223528658062, -8.103386988596972], [-34.91203696385537, -8.103784275204381], [-34.91185844105636, -8.104190780963354], [-34.91170014832164, -8.104605526580375], [-34.91156246705709, -8.10502751290777], [-34.91144572901685, -8.105455723350651], [-34.91135021550351, -8.105889126315946], [-34.911276156689745, -8.106326677697474], [-34.91122373106307, -8.106767323391393], [-34.91119306499517, -8.107210001835593], [-34.911184232436774, -8.107653646567234]]]}}, {"type": "Feature", "properties": {"ponto_id": 25, "bairro": "Ipsep", "trecho": "Rua Raimundo Diniz (Vários trechos)", "tipo": "Vários", "precisao": "Aproximado", "verificada": "não", "prior_emlurb": "Não", "grupo": "isolado", "lat": -8.114288, "lon": -34.921465, "raio_m": 1000}, "geometry": {"type": "Polygon", "coordinates": [[[-34.91239308920121, -8.114330708364333], [-34.91240611474972, -8.114774250055397], [-34.91244096419492, -8.115216620541378], [-34.9124975536499, -8.115656754091049], [-34.9125757468511, -8.116093590359087], [-34.912675355485945, -8.11652607694083], [-34.91279613964597, -8.116953171907813], [-34.91293780840417, -8.11737384631825], [-34.9131000205154, -8.117787086696074], [-34.91328238523796, -8.11819189747286], [-34.91348446327459, -8.118587303386585], [-34.913705767830365, -8.118972351831443], [-34.91394576578519, -8.119346115153192], [-34.91420387897793, -8.119707692884294], [-34.91447948559906, -8.12005621391354], [-34.91477192168864, -8.120390838585097], [-34.915080482735796, -8.12071076072167], [-34.91540442537603, -8.121015209566929], [-34.915742969182205, -8.121303451642738], [-34.91609529854482, -8.121574792516531], [-34.91646056463718, -8.121828578474505], [-34.91683788746063, -8.122064198096766], [-34.91722635796492, -8.122281083730625], [-34.91762504023867, -8.122478712858257], [-34.918032973764504, -8.122656609355811], [-34.9184491757336, -8.12281434464053], [-34.918872643413984, -8.122951538703372], [-34.919302356566774, -8.123067861024682], [-34.9197372799047, -8.123163031370412], [-34.92017636558692, -8.12323682046734], [-34.920618555743964, -8.123289050555337], [-34.92106278502707, -8.123319595815625], [-34.9215079831753, -8.123328382673792], [-34.9219530775947, -8.12331538997688], [-34.92239699594289, -8.123280649044283], [-34.92283866871316, -8.123224243592027], [-34.92327703181169, -8.123146309530915], [-34.92371102912161, -8.12304703463891], [-34.924139615047935, -8.122926658108389], [-34.924561757037, -8.12278546996972], [-34.924976438064526, -8.122623810392136], [-34.92538265908615, -8.122442068864018], [-34.92577944144461, -8.122240683254127], [-34.92616582922776, -8.122020138756415], [-34.92654089157174, -8.121780966720824], [-34.92690372490368, -8.121523743372768], [-34.92725345511866, -8.121249088424632], [-34.927589239685574, -8.120957663582443], [-34.92791026967686, -8.12065017095135], [-34.928215771717205, -8.120327351343915], [-34.92850500984654, -8.119989982495051], [-34.928777287292846, -8.11963887718798], [-34.929031948150445, -8.119274881295974], [-34.929268378959804, -8.11889887174427], [-34.92948601018502, -8.118511754397108], [-34.92968431758547, -8.118114461875313], [-34.92986282347816, -8.117707951309294], [-34.93002109788806, -8.117293202033006], [-34.93015875958328, -8.11687121322458], [-34.93027547699291, -8.116443001499084], [-34.930370969005125, -8.116009598459293], [-34.930445005643726, -8.115572048210554], [-34.930497408621505, -8.115131404845327], [-34.93052805176898, -8.114688729903918], [-34.930536861337714, -8.114245089817135], [-34.93052381617723, -8.113801553337357], [-34.93048894778526, -8.11335918896392], [-34.930432340231185, -8.112919062369183], [-34.93035412995289, -8.112482233831495], [-34.93025450542738, -8.112049755681062], [-34.93013370671616, -8.111622669765154], [-34.9299920248864, -8.111202004938391], [-34.929829801309104, -8.110788774584542], [-34.929647426836404, -8.110383974175498], [-34.92944534085947, -8.109988578873434], [-34.9292240302497, -8.109603541181956], [-34.928984028185454, -8.109229788651758], [-34.92872591286748, -8.108868221646436], [-34.92845030612575, -8.108519711173905], [-34.92815787192138, -8.108185096788338], [-34.92784931474708, -8.107865184567965], [-34.92752537793005, -8.107560745173622], [-34.92718684184136, -8.10727251199242], [-34.92683452201617, -8.107001179371268], [-34.92646926718933, -8.106747400944503], [-34.926091957251, -8.106511788059475], [-34.92570350112734, -8.106294908303994], [-34.925304834591245, -8.10609728413927], [-34.92489691800853, -8.105919391641365], [-34.924480734024826, -8.105761659354515], [-34.92405728519891, -8.10562446725889], [-34.92362759158809, -8.105508145855202], [-34.92319268829142, -8.105412975368655], [-34.92275362295676, -8.105339185073836], [-34.9223114532576, -8.1052869527424], [-34.92186724434569, -8.105256404214742], [-34.92142206628577, -8.105247613096731], [-34.920976991478355, -8.105260600582355], [-34.920533092076944, -8.105295335402403], [-34.92009143740575, -8.10535173389973], [-34.91965309138433, -8.105429660230492], [-34.91921910996508, -8.10552892669119], [-34.91879053858994, -8.10564929417063], [-34.91836840967244, -8.10579047272563], [-34.917953740110974, -8.105952122279232], [-34.917547528839485, -8.10613385343961], [-34.91715075442133, -8.106335228437839], [-34.916764372692185, -8.106555762182166], [-34.916389314457625, -8.106794923426214], [-34.916026483250924, -8.107052136048491], [-34.91567675315654, -8.107326780439914], [-34.915340966704406, -8.107618194996112], [-34.915019932840266, -8.107925677710998], [-34.914714424976715, -8.108248487867522], [-34.9144251791299, -8.108585847821779], [-34.91415289214616, -8.108936944876206], [-34.91389822002305, -8.109300933237007], [-34.91366177632857, -8.109676936051478], [-34.91344413072271, -8.110064047520261], [-34.91324580758461, -8.110461335079142], [-34.913067284748806, -8.110867841645517], [-34.912908992353515, -8.111282587923938], [-34.91277131180382, -8.111704574765145], [-34.912654574852226, -8.112132785573024], [-34.91255906279875, -8.112566188753629], [-34.91248500581259, -8.113003740200263], [-34.91243258237694, -8.113444385808927], [-34.912401918858265, -8.11388706401771], [-34.91239308920121, -8.114330708364333]]]}}, {"type": "Feature", "properties": {"ponto_id": 26, "bairro": "Boa Viagem", "trecho": "Avenida Boa Viagem (Antes da Rua Baltazar Passos)", "tipo": "Ponto", "precisao": "Interseção", "verificada": "não", "prior_emlurb": "Não", "grupo": "isolado", "lat": -8.145055, "lon": -34.905114, "raio_m": 1000}, "geometry": {"type": "Polygon", "coordinates": [[[-34.89604131099457, -8.145097503604536], [-34.89605432754066, -8.145541049109726], [-34.89608916987874, -8.145983423894972], [-34.8961457541393, -8.146423562218827], [-34.896223944071586, -8.146860403724556], [-34.89632355137126, -8.147292895994983], [-34.896444336133364, -8.147719997088005], [-34.89658600742977, -8.148140678047138], [-34.896748224009514, -8.148553925380568], [-34.896930595120466, -8.148958743503124], [-34.89713268145024, -8.149354157135091], [-34.897353996184236, -8.149739213652039], [-34.89759400617812, -8.150112985380236], [-34.89785213324198, -8.15047457183183], [-34.898127755533125, -8.15082310187454], [-34.898420209054066, -8.151157735830695], [-34.89872878925211, -8.151477667500538], [-34.899052752716806, -8.151782126104633], [-34.89939131897094, -8.152070378141195], [-34.89974367235106, -8.15234172915351], [-34.900108963972684, -8.152595525403166], [-34.90048631377568, -8.152831155445316], [-34.90087481264483, -8.153048051601976], [-34.90127352460036, -8.153245691329785], [-34.90168148905337, -8.15342359847915], [-34.90209772312044, -8.153581344441458], [-34.90252122399215, -8.15371854918175], [-34.90295097134951, -8.153834882154444], [-34.9033859298227, -8.15393006309964], [-34.903825051486, -8.1540038627184], [-34.90426727838308, -8.154056103225054], [-34.9047115450764, -8.154086658775556], [-34.90515678121466, -8.154095455770541], [-34.90560191411208, -8.154082473032481], [-34.90604587133332, -8.154047741856642], [-34.90648758327771, -8.153991345935415], [-34.906925985756736, -8.153913421156547], [-34.90736002255835, -8.153814155275533], [-34.9077886479921, -8.153693787462986], [-34.908210829408844, -8.153552607728207], [-34.90862554968899, -8.153390956220163], [-34.90903180969331, -8.153209222407758], [-34.909428630670334, -8.153007844141188], [-34.909815056614605, -8.152787306596728], [-34.91019015657003, -8.152548141107617], [-34.91055302687292, -8.15229092388356], [-34.91090279332902, -8.15201627462226], [-34.911238613319725, -8.151724855016159], [-34.91155967783195, -8.151417367157894], [-34.91186521340705, -8.151094551848653], [-34.91215448400406, -8.150757186813149], [-34.91242679277262, -8.150406084825562], [-34.91268148373153, -8.150042091751349], [-34.91291794334872, -8.149666084509121], [-34.91313560201886, -8.149278968957761], [-34.91333393543522, -8.148881677713932], [-34.91351246585221, -8.148475167905174], [-34.913670763235785, -8.148060418863817], [-34.91380844629884, -8.147638429767625], [-34.91392518341911, -8.147210217232548], [-34.91402069343747, -8.146776812863518], [-34.91409474633454, -8.14633926076926], [-34.91414716378416, -8.145898615046871], [-34.914177819582214, -8.145455937242508], [-34.91418663995006, -8.145012293794034], [-34.914173603711475, -8.144568753462082], [-34.914138742342985, -8.144126384755406], [-34.914082139897374, -8.14368625335692], [-34.914003932800505, -8.143249419556657], [-34.913904309522046, -8.142816935697592], [-34.91378351012083, -8.142389843640817], [-34.91364182566597, -8.141969172255804], [-34.913479597535144, -8.14155593494215], [-34.913297216591744, -8.141151127188534], [-34.91309512224283, -8.140755724174817], [-34.91287380138023, -8.140370678423153], [-34.91263378720733, -8.139996917503623], [-34.912375657954236, -8.139635341799965], [-34.91210003548476, -8.139286822340969], [-34.91180758379811, -8.138952198702361], [-34.91149900742929, -8.138632276984547], [-34.911175049751904, -8.13832782787111], [-34.910836491187396, -8.138039584772446], [-34.9104841473252, -8.13776824205919], [-34.9101188669581, -8.137514453389818], [-34.90974153003786, -8.137278830136184], [-34.90935304555563, -8.137061939910895], [-34.908954349352626, -8.136864305200193], [-34.908546401866055, -8.136686402105342], [-34.908130185815914, -8.13652865919592], [-34.90770670383813, -8.136391456477476], [-34.90727697606973, -8.136275124476123], [-34.90684203769189, -8.136179943442409], [-34.90640293643678, -8.136106142676123], [-34.90596073006421, -8.136053899973987], [-34.90551648381403, -8.13602334120119], [-34.9050712678407, -8.13601453998813], [-34.90462615463577, -8.136027517552954], [-34.904182216444944, -8.136062242650226], [-34.90374052268561, -8.136118631646083], [-34.90330213737116, -8.136196548719486], [-34.90286811654834, -8.136295806189134], [-34.9024395057537, -8.136416164965429], [-34.90201733749541, -8.136557335126092], [-34.90160262876634, -8.136718976614365], [-34.90119637859447, -8.136900700057824], [-34.90079956563658, -8.137102067706147], [-34.90041314582091, -8.137322594485315], [-34.900038050044515, -8.137561749165764], [-34.89967518193085, -8.137818955641887], [-34.89932541565308, -8.138093594319471], [-34.898989593828084, -8.138385003608027], [-34.898668525486634, -8.13869248151427], [-34.898362984124226, -8.139015287332846], [-34.89807370583758, -8.139352643430456], [-34.897801387551105, -8.139703737118982], [-34.89754668533766, -8.140067722612912], [-34.897310212837716, -8.14044372306662], [-34.89709253978066, -8.140830832686612], [-34.89689419061177, -8.141228118913334], [-34.89671564322835, -8.141634624667578], [-34.89655732782784, -8.142049370656052], [-34.89641962587086, -8.142471357730397], [-34.89630286916163, -8.14289956929413], [-34.896207339047926, -8.143332973751678], [-34.89613326574266, -8.14377052699346], [-34.89608082776855, -8.144211174911332], [-34.89605015152734, -8.14465385593799], [-34.89604131099457, -8.145097503604536]]]}}, {"type": "Feature", "properties": {"ponto_id": 33, "bairro": "Ibura", "trecho": "Avenida Dois Rios (Interseção da Avenida Dois Rios com a Rua Rio Pajeú até a Rua Ecoporanga / interseção da Avenida Dois Rios com a Rua Rio Prado)", "tipo": "Linha", "precisao": "Interseção", "verificada": "não", "prior_emlurb": "Sim", "grupo": "G4", "lat": -8.113526, "lon": -34.939007, "raio_m": 1000}, "geometry": {"type": "Polygon", "coordinates": [[[-34.92993520027685, -8.1135690950313], [-34.929948244727946, -8.114012631687968], [-34.929983112764226, -8.114454996219965], [-34.930039720453934, -8.114895122910259], [-34.93011793148953, -8.115331951429901], [-34.93021755751544, -8.115764429392755], [-34.93033835858122, -8.11619151489097], [-34.93048004371902, -8.11661217900545], [-34.93064227164416, -8.11702540828481], [-34.93082465157672, -8.117430207187242], [-34.93102674418265, -8.11782560047924], [-34.93124806263183, -8.118210635585307], [-34.93148807377053, -8.118584384883254], [-34.93174619940571, -8.118945947939286], [-34.93202181769772, -8.119294453677487], [-34.932314264658345, -8.119629062478825], [-34.93262283575035, -8.11994896820423], [-34.93294678758491, -8.120253400136901], [-34.93328533971253, -8.120541624839458], [-34.93363767650355, -8.120812947921227], [-34.93400294911321, -8.121066715711288], [-34.934380277527005, -8.1213023168336], [-34.934768752681094, -8.121519183680096], [-34.935167438652726, -8.121716793778301], [-34.93557537491552, -8.12189467105031], [-34.93599157865396, -8.122052386959778], [-34.93641504713169, -8.122189561544475], [-34.93684476010783, -8.122305864331787], [-34.93727968229546, -8.12240101513487], [-34.93771876585643, -8.122474784727721], [-34.93816095292637, -8.122526995397344], [-34.9386051781639, -8.122557521371899], [-34.93905037131784, -8.12256628912359], [-34.93949545980623, -8.122553277545645], [-34.93993937130103, -8.122518518003096], [-34.940381036312075, -8.122462094256957], [-34.94081939076426, -8.122384142262252], [-34.941253378561626, -8.122284849840295], [-34.94168195413218, -8.122164456225834], [-34.94210408494729, -8.122023251490512], [-34.942518754009704, -8.12186157584369], [-34.942924962304005, -8.12167981881255], [-34.9433217312037, -8.12147841830332], [-34.94370810482923, -8.121257859545922], [-34.94408315235094, -8.12101867392473], [-34.944445970231854, -8.120761437697949], [-34.94479568440441, -8.12048677060904], [-34.94513145237632, -8.120195334393307], [-34.945452465260146, -8.11988783118332], [-34.94575794972196, -8.119565001817126], [-34.9460471698442, -8.119227624053128], [-34.94631942889837, -8.11887651069601], [-34.94657407102326, -8.118512507638389], [-34.946810482804615, -8.118136491822698], [-34.947028094752525, -8.117749369128212], [-34.94722638267291, -8.11735207218854], [-34.94740486892986, -8.11694555814464], [-34.94756312359573, -8.11653080633874], [-34.94770076548632, -8.116108815954941], [-34.94781746307849, -8.115680603611983], [-34.94791293530827, -8.115247200913988], [-34.94798695224715, -8.114809651965338], [-34.94803933565542, -8.11436901085521], [-34.9480699594108, -8.113926339118327], [-34.94807874981156, -8.113482703177624], [-34.9480656857534, -8.113039171775329], [-34.94803079877956, -8.112596813398396], [-34.94797417300417, -8.112156693704579], [-34.94789594490895, -8.111719872955454], [-34.94779630301376, -8.111287403462322], [-34.947675487421904, -8.11086032705146], [-34.947533789241064, -8.110439672554449], [-34.947371549881595, -8.110026453330061], [-34.947189160233506, -8.109621664823257], [-34.946987059724414, -8.109226282167437], [-34.94676573526056, -8.108841257835657], [-34.946525720053586, -8.108467519346346], [-34.94626759233572, -8.10810596702922], [-34.94599197396667, -8.107757471856754], [-34.94569952893539, -8.10742287334623], [-34.94539096176052, -8.10710297753762], [-34.94506701579321, -8.10679855505222], [-34.94472847142638, -8.106510339236419], [-34.94437614421501, -8.106239024395318], [-34.94401088291157, -8.105985264120461], [-34.943633567421685, -8.105749669715527], [-34.94324510668474, -8.105532808723888], [-34.942846436484636, -8.105335203561623], [-34.94243851719586, -8.105157330259116], [-34.94202233147046, -8.10499961731447], [-34.94159888187133, -8.104862444661373], [-34.94116918845754, -8.104746142753832], [-34.94073428632759, -8.104650991770221], [-34.940295223126476, -8.104577220938275], [-34.939853056522495, -8.104525007982929], [-34.93940885165993, -8.104494478698033], [-34.93896367859373, -8.104485706643265], [-34.9385186097124, -8.104498712966839], [-34.93807471715516, -8.10453346635432], [-34.9376330702298, -8.10458988310398], [-34.937194732837234, -8.104667827328168], [-34.936760760909145, -8.104767111280408], [-34.936332199864694, -8.104887495807516], [-34.9359100820926, -8.10502869092536], [-34.93549542446451, -8.105190356517216], [-34.93508922588575, -8.105372103152725], [-34.93469246488921, -8.10557349302578], [-34.934306097278366, -8.10579404100889], [-34.93393105382492, -8.106033215821439], [-34.93356823802669, -8.106290441309321], [-34.933218523931174, -8.1065650978325], [-34.93288275402992, -8.106856523757411], [-34.93256173722894, -8.107164017050604], [-34.9322562468999, -8.10748683696953], [-34.93196701901686, -8.107824205846766], [-34.931694750383045, -8.108175310963222], [-34.93144009695193, -8.108539306505637], [-34.93120367224666, -8.108915315603948], [-34.93098604588161, -8.109302432443581], [-34.9307877421897, -8.109699724447312], [-34.93060923895873, -8.110106234521716], [-34.930450966279814, -8.110520983362788], [-34.93031330551063, -8.110942971814982], [-34.93019658835611, -8.111371183278171], [-34.93010109606866, -8.1118045861567], [-34.93002705876992, -8.112242136344443], [-34.92997465489569, -8.112682779740295], [-34.929944010765354, -8.113125454787516], [-34.92993520027685, -8.1135690950313]]]}}, {"type": "Feature", "properties": {"ponto_id": 34, "bairro": "Ibura", "trecho": "Avenida Dom Helder Câmara (Interseção da Avenida Dom Helder Câmara com a Rua Achiles Amorim)", "tipo": "Ponto", "precisao": "Interseção", "verificada": "não", "prior_emlurb": "Sim", "grupo": "G5", "lat": -8.107493, "lon": -34.929853, "raio_m": 1000}, "geometry": {"type": "Polygon", "coordinates": [[[-34.92078128636095, -8.107535859512804], [-34.92079431908295, -8.1079793989819], [-34.920829175210095, -8.108421766886849], [-34.920885770839284, -8.108861897502585], [-34.920963969692, -8.109298730490782], [-34.92106358344199, -8.109731213454618], [-34.92118437216837, -8.110158304474295], [-34.92132604493304, -8.11057897461749], [-34.921488260481084, -8.110992210418367], [-34.92167062806246, -8.111397016319499], [-34.921872708372895, -8.111792417070582], [-34.92209401461189, -8.112177460078225], [-34.92233401365523, -8.112551217701268], [-34.92259212733903, -8.112912789485906], [-34.922867733852506, -8.113261304335262], [-34.923160169235885, -8.113595922608393], [-34.9234687289799, -8.113915838143443], [-34.92379266972313, -8.114220280200009], [-34.92413121104291, -8.114508515316349], [-34.92448353733569, -8.114779849076706], [-34.92484879978211, -8.11503362778445], [-34.92522611839224, -8.115269240037222], [-34.92561458412596, -8.115486118200131], [-34.92601326108331, -8.115683739773432], [-34.92642118875973, -8.115861628651533], [-34.926837384360475, -8.1160193562701], [-34.9272608451689, -8.116156542638649], [-34.927690550962694, -8.116272857256126], [-34.92812546647233, -8.11636801990713], [-34.92856454387583, -8.116441801337052], [-34.92900672532373, -8.11649402380432], [-34.92945094548828, -8.116524561508585], [-34.929896134130566, -8.116533340893728], [-34.93034121867958, -8.11652034082486], [-34.9307851268168, -8.116485592639213], [-34.931226789060204, -8.11642918007035], [-34.93166514134138, -8.11635123904629], [-34.93209912756962, -8.116251957361822], [-34.93252770217672, -8.116131574225752], [-34.93294983263639, -8.115990379684396], [-34.93336450195221, -8.115828713922468], [-34.93377071110813, -8.115646966443267], [-34.934167481475576, -8.115445575129925], [-34.9345538571714, -8.115225025190156], [-34.93492890736093, -8.114985847987022], [-34.93529172850068, -8.114728619758386], [-34.93564144651522, -8.114453960228392], [-34.9359772189029, -8.114162531114088], [-34.93629823676558, -8.11385503453091], [-34.93660372675726, -8.113532211300894], [-34.936892952946955, -8.113194839167654], [-34.93716521859149, -8.112843730922288], [-34.93741986781366, -8.112479732445093], [-34.93765628718202, -8.112103720667477], [-34.93787390718828, -8.111716601458998], [-34.93807220361886, -8.11131930744488], [-34.93825069881722, -8.110912795759067], [-34.93840896283411, -8.110498045738144], [-34.93854661446268, -8.110076056561953], [-34.938663322156266, -8.109647844846373], [-34.938758804826435, -8.109214442194078], [-34.938832832519466, -8.108776892709397], [-34.93888522696966, -8.10833625048287], [-34.938915862028054, -8.10789357705198], [-34.938924663965636, -8.107449938843816], [-34.93891161165025, -8.107006404606162], [-34.93887673659679, -8.106564042832877], [-34.93882012289064, -8.106123919189985], [-34.9387419069844, -8.105687093948655], [-34.93864227736856, -8.105254619431099], [-34.9385214741168, -8.104827537475783], [-34.9383797883071, -8.104406876927726], [-34.93821756132002, -8.103993651160359], [-34.93803518401576, -8.10358885563449], [-34.937833095792236, -8.103193465500492], [-34.93761178352614, -8.102808433249512], [-34.937371780399744, -8.102434686419116], [-34.937113664616255, -8.102073125359176], [-34.93683805800667, -8.101724621063278], [-34.936545624531696, -8.101390013070732], [-34.936237068682225, -8.101070107444384], [-34.93591313378215, -8.100765674829212], [-34.935574600197874, -8.100477448596031], [-34.93522228345846, -8.100206123075052], [-34.934857032291255, -8.099952351883557], [-34.934479726577564, -8.099716746351515], [-34.93409127523331, -8.099499874049082], [-34.93369261401987, -8.099302257419588], [-34.93328470329019, -8.099124372520995], [-34.9328685256758, -8.098966647879315], [-34.932445083720125, -8.098829463456369], [-34.93201539746393, -8.098713149734468], [-34.93158050198857, -8.098617986920388], [-34.931141444923085, -8.098544204270311], [-34.930699283921065, -8.098491979537567], [-34.93025508411337, -8.098461438544307], [-34.929809915542855, -8.098452654878338], [-34.929364850587234, -8.098465649715765], [-34.92892096137632, -8.098500391769749], [-34.928479317209884, -8.09855679736577], [-34.928040981982235, -8.098634730642962], [-34.92760701161984, -8.098734003881146], [-34.927178451538126, -8.098854377952856], [-34.92675633412348, -8.098995562899072], [-34.92634167624669, -8.09915721862749], [-34.925935476813656, -8.09933895573143], [-34.9255387143593, -8.09954033642768], [-34.92515234469058, -8.099760875610789], [-34.9247772985841, -8.100000042021273], [-34.92441447954404, -8.100257259525215], [-34.92406476162561, -8.10053190850175], [-34.923728987329525, -8.100823327335469], [-34.92340796557231, -8.10113081400995], [-34.92310246973747, -8.101453627798566], [-34.92281323581226, -8.101790991048647], [-34.92254096061436, -8.102142091054633], [-34.92228630011298, -8.102506082015584], [-34.92204986784817, -8.102882087072473], [-34.92183223345245, -8.103269200420472], [-34.921633921277966, -8.103666489490788], [-34.92145540913286, -8.104072997197095], [-34.92129712712962, -8.104487744241128], [-34.92115945664829, -8.104909731471718], [-34.92104272941711, -8.105337942291719], [-34.92094722671268, -8.10577134510709], [-34.92087317868163, -8.106208895811925], [-34.92082076378555, -8.106649540303932], [-34.920790108370305, -8.107092217023816], [-34.92078128636095, -8.107535859512804]]]}}, {"type": "Feature", "properties": {"ponto_id": 35, "bairro": "Ibura", "trecho": "Avenida Dois Rios (Próximo ao SESI)", "tipo": "Ponto", "precisao": "Aproximado", "verificada": "não", "prior_emlurb": "Sim", "grupo": "G4", "lat": -8.110391, "lon": -34.93687, "raio_m": 1000}, "geometry": {"type": "Polygon", "coordinates": [[[-34.927798259068624, -8.110434030927388], [-34.92781130027763, -8.110877568290073], [-34.92784616493776, -8.11131993368075], [-34.927902769125375, -8.111760061380343], [-34.92798097654135, -8.112196891057481], [-34.928080598838804, -8.112629370323273], [-34.928201396076254, -8.113056457266751], [-34.92834307729508, -8.113477122965357], [-34.92850530122001, -8.113890353963914], [-34.92868767708075, -8.114295154716494], [-34.92888976555309, -8.114690549985157], [-34.92911107981682, -8.115075587189674], [-34.92935108672833, -8.115449338702819], [-34.92960920810476, -8.115810904085468], [-34.92988482211673, -8.116159412256131], [-34.930177264786344, -8.116494023589938], [-34.93048583158673, -8.116813931941723], [-34.930809779139395, -8.117118366588372], [-34.93114832700522, -8.117406594085995], [-34.9315006595648, -8.117677920037172], [-34.931865927983615, -8.1179316907641], [-34.93224325225728, -8.118167294883651], [-34.93263172333196, -8.118384164780558], [-34.93303040529476, -8.118581777974992], [-34.93343833762899, -8.11875965838158], [-34.93385453752863, -8.118917377456437], [-34.93427800226662, -8.11905455522969], [-34.9347077116111, -8.11917086122104], [-34.93514263028395, -8.11926601523592], [-34.93558171045552, -8.119339788040573], [-34.93602389426964, -8.119392001914257], [-34.936468116392795, -8.11942253107739], [-34.936913306581346, -8.119431301994481], [-34.93735839226052, -8.119418293551115], [-34.93780230110905, -8.119383537104751], [-34.93824396364318, -8.119327116408925], [-34.9386823157938, -8.119249167411288], [-34.93911630147051, -8.119149877925913], [-34.93954487510643, -8.119029487180452], [-34.939967004177625, -8.118888285239615], [-34.94038167169104, -8.118726612305998], [-34.94078787863501, -8.118544857900234], [-34.94118464638629, -8.118343459922196], [-34.941571019068085, -8.118122903595687], [-34.94194606585303, -8.11788372029921], [-34.94230888320589, -8.11762648628534], [-34.94265859706039, -8.117351821292193], [-34.94299436492498, -8.117060387050007], [-34.94331537791247, -8.116752885686578], [-34.94362086268866, -8.116430058035492], [-34.94391008333522, -8.11609268185101], [-34.94418234312236, -8.115741569933997], [-34.944436986187085, -8.115377568173594], [-34.94467339911283, -8.115001553509103], [-34.94489101240692, -8.114614431817017], [-34.94508930187198, -8.114217135728536], [-34.94526778986836, -8.113810622382562], [-34.945426046464185, -8.113395871119646], [-34.945563690470564, -8.112973881122594], [-34.94568039035925, -8.112545669009206], [-34.945775865060675, -8.112112266383072], [-34.94584988464036, -8.111674717348409], [-34.9459022708522, -8.111234075994615], [-34.94593289756711, -8.110791403857014], [-34.94594169107622, -8.110347767359524], [-34.9459286302677, -8.109904235245736], [-34.94589374667695, -8.109461876004334], [-34.945837124409906, -8.10902175529518], [-34.94575889993982, -8.108584933382312], [-34.945659261777806, -8.10815246257986], [-34.945538450018134, -8.107725384717275], [-34.94539675575928, -8.107304728629666], [-34.94523452040212, -8.106891507679652], [-34.94505213482699, -8.10648671731638], [-34.94485003845172, -8.106091332677746], [-34.94462871817258, -8.105706306241602], [-34.944388707191145, -8.105332565531468], [-34.94413058372945, -8.104971010882426], [-34.94385496963697, -8.104622513272597], [-34.94356252889237, -8.104287912225148], [-34.943253966003994, -8.103968013786181], [-34.94293002431264, -8.103663588583338], [-34.942591484200996, -8.103375369969571], [-34.94223916121378, -8.103104052256732], [-34.941873904093335, -8.102850289043293], [-34.94149659273522, -8.102614691640015], [-34.941108136068905, -8.102397827597496], [-34.940709469868516, -8.102200219339172], [-34.940301554498944, -8.102022342902883], [-34.939885372602824, -8.101864626794278], [-34.93946192673385, -8.101727450954659], [-34.93903223694214, -8.101611145845709], [-34.93859733831752, -8.101515991653498], [-34.938158278496566, -8.101442217613487], [-34.93771611513946, -8.101390001458315], [-34.9372719133827, -8.101359468989537], [-34.93682674327379, -8.10135069377448], [-34.936381677194134, -8.101363696968948], [-34.93593778727623, -8.101398447266035], [-34.93549614282153, -8.101454860971428], [-34.93505780772502, -8.101532802204787], [-34.93462383791287, -8.101632083226825], [-34.93419527879918, -8.101752464891389], [-34.933773162768006, -8.10189365722123], [-34.93335850668683, -8.102055320106306], [-34.93295230945724, -8.10223706412276], [-34.9325555496089, -8.10243845147077], [-34.93216918294251, -8.102658997028904], [-34.93179414022749, -8.102898169522375], [-34.931431324959895, -8.103155392802636], [-34.931081611185895, -8.103430047234948], [-34.9307458413963, -8.103721471190774], [-34.9304248244968, -8.104028962641387], [-34.93011933385929, -8.104351780848663], [-34.92983010545856, -8.104689148149292], [-34.92955783609904, -8.105040251827969], [-34.92930318173596, -8.105404246074883], [-34.929066755894645, -8.1057802540231], [-34.9288491281922, -8.106167369860799], [-34.92865082296473, -8.106564661013174], [-34.92847231800369, -8.10697117038885], [-34.92831404340435, -8.107385918685514], [-34.92817638052896, -8.10780790674893], [-34.928059661087495, -8.108236117979917], [-34.927964166337844, -8.10866952078338], [-34.92789012640755, -8.109107071053405], [-34.92783771973869, -8.109547714688684], [-34.92780707265738, -8.10999039013193], [-34.927798259068624, -8.110434030927388]]]}}, {"type": "Feature", "properties": {"ponto_id": 36, "bairro": "Imbiribeira", "trecho": "Avenida Mascarenhas de Moraes (Trecho da Ferreira Costa)", "tipo": "Ponto", "precisao": "Aproximado", "verificada": "não", "prior_emlurb": "Sim", "grupo": "G3", "lat": -8.111915, "lon": -34.912386, "raio_m": 1000}, "geometry": {"type": "Polygon", "coordinates": [[[-34.90331409410505, -8.111957493818409], [-34.903327109072144, -8.112401038176031], [-34.90336194794876, -8.112843411839027], [-34.90341852687342, -8.113283549068601], [-34.90349670960792, -8.113720389510641], [-34.903596307864944, -8.114152880750515], [-34.90371708176102, -8.114579980848605], [-34.90385874039392, -8.115000660850844], [-34.90402094254289, -8.115413907267767], [-34.904203297490305, -8.115818724516457], [-34.90440536596246, -8.116214137319364], [-34.904626661187564, -8.116599193054148], [-34.904866650068044, -8.116972964049044], [-34.90512475446471, -8.117334549818075], [-34.90540035258928, -8.117683079230712], [-34.90569278050237, -8.118017712610946], [-34.90600133371287, -8.118337643760528], [-34.906325268875264, -8.11864210190142], [-34.90666380558049, -8.118930353533104], [-34.90701612823625, -8.119201704199995], [-34.9073813880321, -8.119455500164669], [-34.90775870498463, -8.119691129983126], [-34.90814717005782, -8.119908025978075], [-34.90854584735345, -8.120105665606706], [-34.90895377636622, -8.120283572719822], [-34.90936997429826, -8.120441318709045], [-34.909793438427386, -8.120578523539496], [-34.91022314852333, -8.120694856665514], [-34.910658069306265, -8.120790037826966], [-34.91109715294154, -8.120863837724498], [-34.911539341564676, -8.120916078571886], [-34.91198356983064, -8.120946634524365], [-34.91242876748098, -8.12095543198168], [-34.912873861922954, -8.120942449765256], [-34.91331778081416, -8.12090771916916], [-34.91375945464659, -8.120851323884436], [-34.91419781932384, -8.120773399797313], [-34.914631818725255, -8.12067413466164], [-34.91506040725076, -8.120553767646223], [-34.91548255234044, -8.120412588758423], [-34.9158972369625, -8.120250938145125], [-34.91630346206387, -8.120069205273042], [-34.91670024897741, -8.119867827990026], [-34.917086641779974, -8.119647291469908], [-34.91746170959551, -8.119408127043362], [-34.91782454883791, -8.119150910917433], [-34.91817428538796, -8.118876262787065], [-34.918510076699214, -8.118584844341841], [-34.918831113827764, -8.118277357671474], [-34.91913662338103, -8.117954543574143], [-34.91942586938077, -8.117617179771493], [-34.91969815503592, -8.117266079034591], [-34.91995282442091, -8.116902087225709], [-34.92018926405561, -8.116526081260258], [-34.92040690438278, -8.116138966993878], [-34.920605221139745, -8.115741677039994], [-34.92078373662093, -8.115335168522872], [-34.920942020828114, -8.114920420771584], [-34.92107969250575, -8.114498432960639], [-34.92119642005879, -8.114070221702756], [-34.921291922350925, -8.113636818599655], [-34.92136596938115, -8.113199267756901], [-34.92141838283714, -8.11275862326846], [-34.921449036524166, -8.112315946677414], [-34.92145785666836, -8.111872304418632], [-34.921444822093726, -8.111428765249801], [-34.921409964272485, -8.110986397676824], [-34.92135336724857, -8.110546267379835], [-34.92127516743446, -8.110109434646192], [-34.921175553281984, -8.109676951816288], [-34.92105476482768, -8.109249860748749], [-34.920913093114, -8.108829190310667], [-34.920750879487656, -8.108415953899407], [-34.92056851477681, -8.108011147001521], [-34.920366438349184, -8.107615744794874], [-34.92014513705321, -8.107230699799759], [-34.9199051440449, -8.106856939584516], [-34.91964703750321, -8.106495364531305], [-34.919371439237075, -8.106146845667457], [-34.91907901318726, -8.105812222567385], [-34.918770463826895, -8.105492301330349], [-34.918446534464465, -8.105187852638908], [-34.918108005453135, -8.104899609902583], [-34.91775569231112, -8.104628267491295], [-34.91739044375724, -8.104374479062953], [-34.91701313966665, -8.104138855988985], [-34.91662468895148, -8.103921965881728], [-34.91622602737169, -8.103724331227292], [-34.91581811528124, -8.103546428126965], [-34.915401935315, -8.103388685150485], [-34.91497849002216, -8.103251482303707], [-34.91454879945156, -8.103135150113197], [-34.91411389869499, -8.103039968830082], [-34.913674835394275, -8.102966167754875], [-34.913232667218004, -8.10291392468515], [-34.912788459314335, -8.102883365487077], [-34.912343281745606, -8.102874563792165], [-34.91189820691117, -8.102887540819792], [-34.911454306964586, -8.10292226532587], [-34.91101265123142, -8.102978653678006], [-34.910574303633766, -8.103056570056733], [-34.910140320127816, -8.103155826782436], [-34.90971174616052, -8.103276184767305], [-34.909289614151625, -8.103417354090945], [-34.90887494100695, -8.103578994698582], [-34.90846872566901, -8.10376071721986], [-34.908071946710926, -8.103962083906614], [-34.90768555997926, -8.10418260968706], [-34.907310496291544, -8.104421763333951], [-34.90694765919416, -8.104678968744063], [-34.906597922785664, -8.104953606325642], [-34.90626212961115, -8.105245014490702], [-34.90594108863246, -8.105552491248528], [-34.905635573279234, -8.105875295896402], [-34.90534631958559, -8.106212650803696], [-34.905074024416706, -8.106563743284998], [-34.90481934378974, -8.106927727557549], [-34.9045828912931, -8.10730372677851], [-34.904365236607916, -8.107690835157197], [-34.904166904135096, -8.108088120136891], [-34.9039883717316, -8.10849462464122], [-34.90383006955861, -8.10890936937977], [-34.9036923790447, -8.10933135520704], [-34.90357563196631, -8.109759565529412], [-34.9034801096478, -8.11019296875418], [-34.90340604228304, -8.110630520774604], [-34.90335360838017, -8.111071167485385], [-34.903322934330845, -8.111513847322025], [-34.90331409410505, -8.111957493818409]]]}}, {"type": "Feature", "properties": {"ponto_id": 37, "bairro": "Ipsep", "trecho": "Avenida Recife (Da Avenida Dom Helder Câmara até o Rio Tejipió)", "tipo": "Linha", "precisao": "Aproximado", "verificada": "não", "prior_emlurb": "Sim", "grupo": "G5", "lat": -8.105179, "lon": -34.927549, "raio_m": 1000}, "geometry": {"type": "Polygon", "coordinates": [[[-34.9184773258699, -8.105221796110982], [-34.91849035541159, -8.105665336308341], [-34.918525208270665, -8.1061077050925], [-34.918581800551884, -8.106547836736294], [-34.918659995984775, -8.106984670898933], [-34.91875960625132, -8.107417155180803], [-34.91888039143902, -8.107844247658942], [-34.919022060618275, -8.108264919397543], [-34.91918427254283, -8.108678156926949], [-34.91936663647134, -8.109082964685586], [-34.919568713108355, -8.109478367418694], [-34.91979001566224, -8.109863412528142], [-34.92003001101763, -8.11023717236771], [-34.92028812101955, -8.110598746478274], [-34.920563723866124, -8.110947263757375], [-34.920856155606394, -8.111281884558228], [-34.92116471173991, -8.111601802712904], [-34.921488648913964, -8.111906247474693], [-34.921827186714516, -8.11219448537535], [-34.9221795095465, -8.112465821992414], [-34.92254476859894, -8.112719603622375], [-34.9229220838901, -8.112955218855845], [-34.923310546387874, -8.113172100050749], [-34.92370922020015, -8.113369724700032], [-34.92411714482995, -8.113547616690688], [-34.924533337489926, -8.11370534745088], [-34.924956795470514, -8.113842536982547], [-34.92538649855627, -8.113958854777003], [-34.925821411484215, -8.114054020611182], [-34.92626048643861, -8.114127805222793], [-34.92670266557594, -8.114180030862576], [-34.927146883574004, -8.114210571722532], [-34.92759207019917, -8.11421935423891], [-34.928037152885295, -8.114206357269268], [-34.92848105931838, -8.114171612143343], [-34.928922720020495, -8.114115202587309], [-34.92936107092699, -8.114037264521903], [-34.92979505595046, -8.113937985734763], [-34.930223629525614, -8.113817605427696], [-34.93064575912866, -8.113676413640171], [-34.93106042776525, -8.113514750550255], [-34.93146663642097, -8.113333005654784], [-34.931863406468445, -8.11313161683065], [-34.93224978202528, -8.112911069279537], [-34.93262483225715, -8.112671894358742], [-34.93298765362046, -8.112414668300618], [-34.933337372039205, -8.112140010824051], [-34.933673145010765, -8.111848583641141], [-34.93399416363557, -8.111541088862642], [-34.934299654565756, -8.111218267306246], [-34.93458888186809, -8.110880896711523], [-34.934861148796635, -8.11052978986585], [-34.9351157994711, -8.110165792646159], [-34.935352220456515, -8.10978978198082], [-34.93556984224066, -8.109402663736706], [-34.93576814060564, -8.109005370536734], [-34.93594663789024, -8.108598859512881], [-34.93610490414014, -8.108184110000144], [-34.936242558143086, -8.107762121177153], [-34.93635926834666, -8.107333909658939], [-34.936454753656356, -8.106900507047724], [-34.93652878411207, -8.106462957447748], [-34.93658118144142, -8.106022314949843], [-34.936611819488476, -8.105579641092163], [-34.936620624517005, -8.105136002302853], [-34.93660757538738, -8.104692467331104], [-34.93657270360681, -8.104250104672571], [-34.93651609325276, -8.103809979995427], [-34.93643788076976, -8.103373153573369], [-34.93633825464002, -8.102940677731462], [-34.93621745492884, -8.10251359431139], [-34.93607577270565, -8.102092932161728], [-34.935913549342345, -8.101679704659782], [-34.93573117569042, -8.10127490727056], [-34.93552909113899, -8.100879515148948], [-34.93530778255589, -8.1004944807909], [-34.935067783114555, -8.100120731739082], [-34.93480967100929, -8.099759168348724], [-34.93453406806227, -8.099410661619055], [-34.934241638225394, -8.099076051095258], [-34.93393308598078, -8.098756142846288], [-34.9336091546437, -8.09845170752345], [-34.93327062457195, -8.098163478504096], [-34.932918311286194, -8.097892150125153], [-34.932553063505466, -8.09763837601079], [-34.932175761102926, -8.097402767498027], [-34.931787312986586, -8.097185892164198], [-34.931388654910045, -8.096988272459928], [-34.93098074721873, -8.096810384450592], [-34.93056457253688, -8.09665265666968], [-34.9301411334009, -8.096515469086572], [-34.92971144984477, -8.096399152191186], [-34.92927655694337, -8.096303986197922], [-34.928837502319574, -8.096230200370607], [-34.928395343621126, -8.096177972470212], [-34.92795114597335, -8.096147428326503], [-34.92750597941392, -8.096138641534857], [-34.92706091631574, -8.09615163327889], [-34.92661702880416, -8.096186372279186], [-34.92617538617486, -8.096242774868573], [-34.92573705231848, -8.096320705193397], [-34.9253030831582, -8.09641997554057], [-34.924874524106535, -8.096540346789572], [-34.92445240754741, -8.096681528988158], [-34.92403775034958, -8.096843182050616], [-34.923631551417266, -8.097024916576672], [-34.923234789284216, -8.097226294789305], [-34.9228484197566, -8.09744683158902], [-34.92247337361067, -8.097685995722063], [-34.92211055435069, -8.097943211059981], [-34.9217608360324, -8.098217857987116], [-34.92142506115744, -8.098509274892972], [-34.92110403864373, -8.098816759765771], [-34.92079854187658, -8.099139571883212], [-34.920509306845446, -8.099476933596634], [-34.92023703037067, -8.099828032204181], [-34.9199823684245, -8.100192021908272], [-34.91974593455045, -8.10056802585291], [-34.91952829838486, -8.100955138235944], [-34.919329984284154, -8.101352426490909], [-34.91915147006107, -8.101758933533445], [-34.918993185833045, -8.102173680066898], [-34.91885551298549, -8.102595666941328], [-34.918738783252294, -8.103023877560474], [-34.918643277916054, -8.103457280330773], [-34.91856922712973, -8.103894831146452], [-34.91851680936152, -8.104335475904971], [-34.91848615096416, -8.104778153046404], [-34.9184773258699, -8.105221796110982]]]}}, {"type": "Feature", "properties": {"ponto_id": 41, "bairro": "Boa Viagem", "trecho": "Rua Thomé Gibson (Da Avenida Encanta Moça até a Via Mangue)", "tipo": "Linha", "precisao": "Aproximado", "verificada": "não", "prior_emlurb": "Não", "grupo": "G2", "lat": -8.098066, "lon": -34.888129, "raio_m": 1000}, "geometry": {"type": "Polygon", "coordinates": [[[-34.87905727639304, -8.098107882612691], [-34.879070260981216, -8.09855143424811], [-34.87910506911055, -8.09899381664366], [-34.87916161699356, -8.099433964039733], [-34.879239768466775, -8.099870816057944], [-34.879339335318136, -8.100303320255994], [-34.87946007773982, -8.10073043466328], [-34.87960170490542, -8.101151130291466], [-34.87976387567004, -8.101564393613657], [-34.8799461993917, -8.101969229006404], [-34.880148236872046, -8.102364661148647], [-34.880369501414016, -8.102749737371617], [-34.880609459994105, -8.103123529954352], [-34.88086753454625, -8.103485138359025], [-34.881143103354255, -8.103833691400693], [-34.881435502549536, -8.104168349346526], [-34.881744027710376, -8.104488305939194], [-34.882067935559036, -8.104792790339431], [-34.88240644575251, -8.105081068983502], [-34.88275874276259, -8.105352447350768], [-34.88312397784087, -8.105606271637084], [-34.88350127106372, -8.1058419303302], [-34.883889713452575, -8.106058855683221], [-34.88428836916408, -8.106256525082545], [-34.884696277745206, -8.106434462307181], [-34.88511245644755, -8.1065922386761], [-34.88553590259549, -8.106729474081119], [-34.88596559600233, -8.10684583790278], [-34.88640050142864, -8.106941049806837], [-34.88683957107697, -8.107014880419717], [-34.88728174711676, -8.10706715188101], [-34.887725964233425, -8.107097738271994], [-34.888171152195554, -8.107106565918896], [-34.88861623843386, -8.107093613570187], [-34.889060150625824, -8.107058912447766], [-34.88950181927967, -8.10700254617145], [-34.889940180311534, -8.106924650557357], [-34.89037417760956, -8.106825413290519], [-34.8908027655788, -8.106705073472387], [-34.891224911660636, -8.106563921044582], [-34.89163959882085, -8.106402296090046], [-34.89204582800021, -8.106220588013462], [-34.89244262052167, -8.106019234602778], [-34.89282902044844, -8.105798720974123], [-34.8932040968872, -8.105559578402874], [-34.89356694623093, -8.105302383043274], [-34.8939166943359, -8.105027754540117], [-34.89425249862763, -8.104736354535587], [-34.894573550130744, -8.104428885074887], [-34.89487907541783, -8.104106086914676], [-34.895168338472494, -8.103768737738145], [-34.89544064246234, -8.103417650281106], [-34.895695331417414, -8.103053670373834], [-34.89593179181016, -8.102677674903088], [-34.89614945403309, -8.102290569699267], [-34.89634779377052, -8.101893287354024], [-34.89652633326127, -8.101486784973376], [-34.89668464244902, -8.101072041871717], [-34.896822340017785, -8.100650057212476], [-34.89693909430995, -8.100221847600915], [-34.89703462412454, -8.099788444634953], [-34.897108699394046, -8.09935089241998], [-34.89716114173793, -8.098910245053467], [-34.8971918248917, -8.09846756408562], [-34.897200675010325, -8.098023915962054], [-34.89718767084548, -8.097580369454807], [-34.89715284379602, -8.097137993087669], [-34.897096277831636, -8.09669785256219], [-34.89701810928995, -8.09626100819059], [-34.89691852654739, -8.095828512341525], [-34.8967977695648, -8.095401406905196], [-34.89665612930885, -8.094980720783537], [-34.89649394705048, -8.0945674674119], [-34.89631161354236, -8.094162642317897], [-34.89610956807711, -8.09376722072341], [-34.895888297428684, -8.093382155195627], [-34.89564833467939, -8.093008373352504], [-34.895390257935446, -8.092646775628445], [-34.89511468893416, -8.09229823310553], [-34.89482229154597, -8.091963585415288], [-34.894513770175195, -8.091643638716285], [-34.894189868063066, -8.091339163752506], [-34.89385136549736, -8.091050893996803], [-34.893499077932816, -8.090779523884214], [-34.89313385402688, -8.090525707139395], [-34.892756573595555, -8.090290055201967], [-34.89236814549426, -8.090073135753755], [-34.891969505428726, -8.089875471351496], [-34.89156161370131, -8.089697538168062], [-34.89114545289811, -8.089539764845561], [-34.89072202552236, -8.089402531462838], [-34.89029235157999, -8.089286168619878], [-34.88985746612294, -8.089190956641492], [-34.88941841675638, -8.089117124901977], [-34.88897626111553, -8.08906485127259], [-34.88853206431852, -8.089034261692932], [-34.88808689640108, -8.089025429867492], [-34.88764182973944, -8.089038377088029], [-34.8871979364676, -8.089073072182035], [-34.886756285895125, -8.089129431587764], [-34.88631794193174, -8.089207319555243], [-34.885883960524914, -8.089306548473093], [-34.88545538711657, -8.08942687932027], [-34.8850332541251, -8.089568022241544], [-34.884618578458635, -8.089729637245528], [-34.88421235906573, -8.089911335023363], [-34.88381557452917, -8.090112677886298], [-34.88342918070886, -8.090333180819764], [-34.883054108439296, -8.090572312651396], [-34.88269126128736, -8.090829497330386], [-34.88234151337568, -8.091104115314788], [-34.88200570727686, -8.091395505063726], [-34.88168465198367, -8.091702964630759], [-34.88137912096005, -8.092025753354516], [-34.881089850277625, -8.09236309364268], [-34.880817536842244, -8.09271417284504], [-34.88056283671483, -8.093078145210818], [-34.88032636353054, -8.09345413392588], [-34.88010868702006, -8.09384123322489], [-34.87991033163666, -8.094238510573067], [-34.8797317752922, -8.09464500891251], [-34.87957344820531, -8.095059748967751], [-34.87943573186435, -8.095481731604698], [-34.87931895810773, -8.09590994023756], [-34.879223408323874, -8.096343343277855], [-34.8791493127726, -8.096780896619459], [-34.87909685002977, -8.097221546154067], [-34.879066146556355, -8.097664230310587], [-34.87905727639304, -8.098107882612691]]]}}, {"type": "Feature", "properties": {"ponto_id": 51, "bairro": "Pina", "trecho": "Avenida Antônio de Góes (Da saída da Via Mangue até a Bacia do Pina (Rio Capibaribe) e cruzamento com a Avenida Conselheiro Aguiar)", "tipo": "Linha", "precisao": "Interseção", "verificada": "não", "prior_emlurb": "Não", "grupo": "isolado", "lat": -8.089423, "lon": -34.882717, "raio_m": 1000}, "geometry": {"type": "Polygon", "coordinates": [[[-34.87364544140579, -8.089464718059855], [-34.873658417653665, -8.089908271462154], [-34.87369321706467, -8.090350656016549], [-34.873749755872254, -8.090790805958292], [-34.873827897934746, -8.091227660902922], [-34.8739274550627, -8.091660168401145], [-34.87404818747167, -8.092087286474463], [-34.874189804359325, -8.092507986125781], [-34.874351964605516, -8.092921253818558], [-34.87453427759357, -8.093326093918892], [-34.87473630415096, -8.093721531094427], [-34.87495755760693, -8.094106612664337], [-34.87519750496473, -8.094480410894839], [-34.875455568185295, -8.094842025234541], [-34.87573112557978, -8.095190584484259], [-34.8760235133071, -8.095525248896266], [-34.87633202697324, -8.095845212197679], [-34.87665592332818, -8.096149703533124], [-34.87699442205665, -8.09643798932219], [-34.87734670765813, -8.096709375027054], [-34.87771193141176, -8.096963206825917], [-34.8780892134213, -8.097198873188445], [-34.87847764473523, -8.09741580634929], [-34.87887628953699, -8.09761348367604], [-34.87928418739991, -8.097791428928609], [-34.87970035560151, -8.097949213406626], [-34.880123791491535, -8.098086456982356], [-34.880553474908105, -8.09820282901664], [-34.88098837063596, -8.098298049155433], [-34.8814274309011, -8.098371888005286], [-34.881869597895644, -8.098424167685916], [-34.88231380632692, -8.098454762258767], [-34.882758985984495, -8.0984635980303], [-34.88320406431919, -8.098450653729383], [-34.88364796902759, -8.098415960558464], [-34.88408963063602, -8.098359602118155], [-34.884527985077646, -8.098281714205639], [-34.88496197625657, -8.09818248448734], [-34.885390558592604, -8.098062152046461], [-34.88581269954075, -8.097921006806796], [-34.88622738207919, -8.097759388833893], [-34.88663360715986, -8.097577687515574], [-34.8870303961156, -8.09737634062343], [-34.88741679301821, -8.097155833257839], [-34.88779186698166, -8.096916696679028], [-34.88815471440488, -8.096659507026748], [-34.88850446114873, -8.096384883931997], [-34.88884026464198, -8.096093489023875], [-34.88916131591116, -8.095786024335272], [-34.88946684152936, -8.095463230611305], [-34.88975610547934, -8.09512588552444], [-34.89002841092648, -8.09477480180062], [-34.89028310189726, -8.09441082526109], [-34.89051956485918, -8.094034832784477], [-34.89073723019847, -8.093647730193961], [-34.89093557359189, -8.093250450074889], [-34.89111411726934, -8.092843949527914], [-34.891272431164325, -8.092429207863022], [-34.891410133949435, -8.092007224240179], [-34.8915268939544, -8.091579015262184], [-34.891622429964386, -8.091145612525438], [-34.89169651189686, -8.090708060134814], [-34.89174896135515, -8.090267412188238], [-34.89177965205752, -8.089824730237353], [-34.89178851014069, -8.089381080730181], [-34.89177551433706, -8.08893753244214], [-34.89174069602526, -8.088495153901365], [-34.891684139153874, -8.088055010814692], [-34.89160598003854, -8.087618163500567], [-34.89150640703292, -8.087185664334793], [-34.891385660074384, -8.086758555215626], [-34.89124403010537, -8.086337865053926], [-34.891081858372026, -8.085924607294844], [-34.89089953560163, -8.085519777476616], [-34.89069750106095, -8.085124350832576], [-34.89047624149757, -8.084739279942124], [-34.890236289967135, -8.084365492436193], [-34.88997822454883, -8.084003888762897], [-34.88970266695269, -8.083655340018689], [-34.88941028102174, -8.083320685850127], [-34.8891017711327, -8.083000732431442], [-34.88877788049921, -8.082696250522837], [-34.888439389381446, -8.082407973613934], [-34.888087113206616, -8.082136596157033], [-34.8877219006048, -8.0818827718945], [-34.88734463136487, -8.081647112284095], [-34.88695621431532, -8.081430185026136], [-34.88655758513537, -8.081232512696188], [-34.88614970410124, -8.081054571486213], [-34.885733553773335, -8.080896790057658], [-34.885310136629755, -8.080759548508878], [-34.88488047265188, -8.080643177459516], [-34.884445596867735, -8.080547957254135], [-34.88400655685927, -8.080474117286819], [-34.88356441023926, -8.08042183544862], [-34.883120222104196, -8.080391237698866], [-34.88267506246901, -8.080382397761694], [-34.882230003690076, -8.080395336948357], [-34.88178611788247, -8.080430024105656], [-34.881344474337844, -8.080486375690898], [-34.880906136949065, -8.080564255972906], [-34.88047216164781, -8.080663477358751], [-34.88004359386135, -8.08078380084548], [-34.87962146599455, -8.080924936595531], [-34.879206794943265, -8.081086544634733], [-34.878800579644924, -8.081268235670946], [-34.878403798672494, -8.081469572031597], [-34.87801740787727, -8.081690068717728], [-34.87764233808647, -8.081929194571966], [-34.877279492861, -8.082186373557844], [-34.876929746318794, -8.082460986147083], [-34.87659394102917, -8.08275237081176], [-34.876272885982885, -8.083059825617632], [-34.87596735464324, -8.083382609914763], [-34.87567808308256, -8.083719946121462], [-34.87540576820876, -8.084071021597325], [-34.87515106608616, -8.084434990600524], [-34.87491459035465, -8.08481097632501], [-34.87469691075096, -8.085198073012643], [-34.87449855173574, -8.085595348134913], [-34.874319991229505, -8.086001844639291], [-34.87416165946083, -8.086416583254726], [-34.87402393792926, -8.08683856485062], [-34.873907158485615, -8.087266772843693], [-34.87381160253191, -8.08770017564703], [-34.87373750034277, -8.088137729155111], [-34.87368503050993, -8.088578379259262], [-34.87365431951136, -8.089021064387046], [-34.87364544140579, -8.089464718059855]]]}}, {"type": "Feature", "properties": {"ponto_id": 54, "bairro": "Ibura", "trecho": "Rua Rio Prado (Interseção da Rua Rio Prado com a Rua Rio Brígida)", "tipo": "Ponto", "precisao": "Interseção", "verificada": "não", "prior_emlurb": "Não", "grupo": "G4", "lat": -8.113869, "lon": -34.940702, "raio_m": 1000}, "geometry": {"type": "Polygon", "coordinates": [[[-34.931630201711926, -8.113912134588075], [-34.93164324811073, -8.114355670744393], [-34.93167811808673, -8.114798034681945], [-34.93173472770349, -8.115238160685113], [-34.93181294064884, -8.115674988426587], [-34.9319125685626, -8.116107465522095], [-34.93203337148975, -8.116534550065856], [-34.932175058458, -8.116955213141068], [-34.932337288178196, -8.11736844129883], [-34.93251966986612, -8.117773239000025], [-34.93272176418349, -8.118168631014026], [-34.932943084296014, -8.118553664768417], [-34.93318309704598, -8.11892741264425], [-34.93344122423644, -8.11928897421114], [-34.93371684402399, -8.119637478396765], [-34.93400929241678, -8.119972085585818], [-34.93431786487414, -8.120291989643118], [-34.9346418180039, -8.120596419855877], [-34.93498037135347, -8.120884642790857], [-34.93533270929019, -8.121155964061643], [-34.93569798296656, -8.121409730001682], [-34.93607531236548, -8.121645329239392], [-34.93646378842071, -8.121862194171253], [-34.93686247520732, -8.122059802329412], [-34.93727041219696, -8.122237677640637], [-34.93768661657233, -8.122395391573328], [-34.93811008559554, -8.122532564170015], [-34.938539799024376, -8.122648864962892], [-34.93897472157083, -8.122744013769928], [-34.93941380539587, -8.122817781369948], [-34.93985599263449, -8.122869990054765], [-34.94030021794488, -8.122900514057338], [-34.94074541107569, -8.122909279854635], [-34.94119049944503, -8.122896266344606], [-34.94163441072511, -8.122861504896955], [-34.9420760754263, -8.122805079277299], [-34.942514429474244, -8.122727125445195], [-34.94294841677396, -8.122627831226387], [-34.94337699175464, -8.122507435859978], [-34.94379912188911, -8.122366229421848], [-34.94421379018174, -8.122204552125456], [-34.94461999761897, -8.122022793501985], [-34.94501676557642, -8.121821391461502], [-34.94540313817676, -8.12160083123763], [-34.94577818459287, -8.121361644218286], [-34.94614100129041, -8.121104406665053], [-34.94649071420469, -8.120829738324586], [-34.94682648084648, -8.12053830093522], [-34.94714749233156, -8.120230796632347], [-34.94745297532937, -8.119907966256653], [-34.9477421939259, -8.119570587568976], [-34.948014451396354, -8.119219473376214], [-34.948269091883354, -8.118855469573004], [-34.94850550197659, -8.11847945310357], [-34.948723112190244, -8.118092329848757], [-34.94892139833443, -8.117695032443512], [-34.94909988277752, -8.117288518029913], [-34.949258135596274, -8.116873765951066], [-34.94939577561093, -8.116451775391722], [-34.9495124713029, -8.11602356297103], [-34.94960794161279, -8.115590160293285], [-34.94968195661672, -8.115152611462811], [-34.949734338079665, -8.114711970568488], [-34.94976495988402, -8.1142692991445], [-34.949773748332774, -8.113825663613012], [-34.94976068232633, -8.113382132715254], [-34.949725793412625, -8.11293977493696], [-34.94966916571046, -8.112499655934409], [-34.94959093570618, -8.112062835967507], [-34.949491291924275, -8.111630367345652], [-34.94937047447256, -8.111203291893009], [-34.949228774463215, -8.11078263843884], [-34.94906653331098, -8.110369420339385], [-34.94888414191018, -8.109964633036888], [-34.94868203969263, -8.10956925166184], [-34.94846071356869, -8.109184228684194], [-34.948220696754, -8.108810491619112], [-34.94796256748463, -8.108448940792867], [-34.94768694762401, -8.108100447174339], [-34.947394501164695, -8.107765850277065], [-34.94708593262873, -8.107445956137123], [-34.94676198537053, -8.107141535371788], [-34.94642343978613, -8.106853321323303], [-34.94607111143339, -8.106582008292515], [-34.94570584906755, -8.106328249866609], [-34.94532853259676, -8.106092657344812], [-34.94494007096276, -8.105875798265961], [-34.94454139995159, -8.105678195041545], [-34.94413347993969, -8.105500323697276], [-34.943717293580825, -8.105342612726556], [-34.9432938434394, -8.10520544205832], [-34.94286414957579, -8.105089142141814], [-34.94242924708956, -8.10499399315062], [-34.941990183626565, -8.10492022430769], [-34.94154801685571, -8.104868013333181], [-34.94110381192169, -8.104837486016187], [-34.940658638879626, -8.10482871591166], [-34.94021357011793, -8.104841724163121], [-34.939769677775566, -8.104876479451521], [-34.939328031159775, -8.104932898070553], [-34.938889694170754, -8.105010844128087], [-34.93845572273919, -8.10511012987324], [-34.93802716228308, -8.105230516148527], [-34.9376050451897, -8.105371712965619], [-34.93719038832911, -8.105533380203704], [-34.93678419060475, -8.105715128428473], [-34.93638743054749, -8.105916519830005], [-34.93600106395855, -8.106137069277132], [-34.93562602160717, -8.106376245485723], [-34.935263206988544, -8.106633472298316], [-34.934913494147324, -8.106908130071684], [-34.93457772557206, -8.107199557169269], [-34.93425671016559, -8.107507051554784], [-34.933951221296226, -8.10782987248306], [-34.933661994934525, -8.10816724228424], [-34.93338972788007, -8.108518348237004], [-34.93313507608255, -8.10888234452608], [-34.93289865306118, -8.109258354279598], [-34.932681028426295, -8.109645471681404], [-34.93248272650667, -8.110042764152908], [-34.93230422508585, -8.110449274599553], [-34.932145954250586, -8.11086402371643], [-34.932008295354144, -8.111286012347316], [-34.93189158009694, -8.111714223891644], [-34.93179608972684, -8.112147626753544], [-34.931722054360854, -8.112585176826926], [-34.931669652430145, -8.113025820010943], [-34.93163901024942, -8.113468494749352], [-34.931630201711926, -8.113912134588075]]]}}]}