{"type": "FeatureCollection", "name": "buffer_300m_rpa6", "features": [{"type": "Feature", "properties": {"ponto_id": 5, "bairro": "Boa Viagem", "trecho": "Avenida Conselheiro Aguiar (Interseção com a Rua Tenente João Cícero)", "tipo": "Ponto", "precisao": "Interseção", "verificada": "não", "prior_emlurb": "Não", "grupo": "G1", "lat": -8.113732, "lon": -34.893163, "raio_m": 300}, "geometry": {"type": "Polygon", "coordinates": [[[-34.89044139065754, -8.113744643741335], [-34.890445291076915, -8.113877708135563], [-34.890455738717314, -8.114010421525387], [-34.89047270841563, -8.114142464190696], [-34.89049615929624, -8.114273518026868], [-34.89052603486951, -8.114403267311276], [-34.890562263167716, -8.114531399463791], [-34.890604756918464, -8.114657605799927], [-34.890653413754855, -8.114781582274464], [-34.89070811646205, -8.114903030213986], [-34.890768733259634, -8.115021657036404], [-34.890835118119014, -8.11513717695588], [-34.890907111115254, -8.115249311671326], [-34.890984538812276, -8.115357791036901], [-34.89106721468069, -8.115462353712834], [-34.89115493954715, -8.115562747795034], [-34.891247502074194, -8.115658731422043], [-34.89134467926934, -8.115750073357667], [-34.89144623702235, -8.115836553548114], [-34.891551930669216, -8.11591796365211], [-34.89166150558162, -8.115994107542932], [-34.89177469778034, -8.116064801780803], [-34.89189123457132, -8.1161298760549], [-34.89201083520254, -8.11618917359368], [-34.892133211540525, -8.116242551542559], [-34.89225806876446, -8.116289881308061], [-34.89238510607653, -8.116331048867632], [-34.89251401742661, -8.116365955044369], [-34.89264449224962, -8.116394515745919], [-34.89277621621378, -8.11641666216705], [-34.89290887197792, -8.116432340955484], [-34.89304213995604, -8.11644151434034], [-34.89317569908727, -8.116444160223185], [-34.893309227609464, -8.116440272231193], [-34.89344240383432, -8.116429859732575], [-34.89357490692249, -8.116412947813895], [-34.89370641765653, -8.1163895772197], [-34.89383661921002, -8.116359804254277], [-34.893965197910816, -8.116323700646038], [-34.89409184399685, -8.116281353374664], [-34.89421625236232, -8.116232864461521], [-34.89433812329284, -8.116178350723914], [-34.89445716318748, -8.116117943493554], [-34.89457308526611, -8.116051788300192], [-34.894685610260304, -8.115980044520958], [-34.89479446708613, -8.115902884996409], [-34.894899393497255, -8.115820495614091], [-34.8950001367167, -8.115733074860637], [-34.89509645404583, -8.115640833343669], [-34.895188113448974, -8.11554399328429], [-34.89527489411249, -8.11544278798177], [-34.89535658697664, -8.115337461251421], [-34.89543299523925, -8.11522826683727], [-34.89550393482975, -8.115115467800685], [-34.89556923485262, -8.114999335886603], [-34.89562873799907, -8.114880150868915], [-34.89568230092588, -8.114758199876384], [-34.895729794600754, -8.114633776700956], [-34.895771104613125, -8.114507181089948], [-34.89580613144965, -8.11437871802393], [-34.895834790733964, -8.11424869698199], [-34.895857013429854, -8.114117431196188], [-34.89587274600748, -8.113985236896916], [-34.895881950572345, -8.113852432551136], [-34.89588460495645, -8.11371933809508], [-34.8958807027717, -8.113586274163602], [-34.89587025342516, -8.1134535613177], [-34.89585328209637, -8.113321519272256], [-34.89582982967666, -8.113190466125909], [-34.895799952670494, -8.113060717594658], [-34.89576372305939, -8.11293258625137], [-34.895721228128366, -8.112806380772739], [-34.89567257025572, -8.112682405195725], [-34.895617866666264, -8.112560958185108], [-34.8955572491489, -8.11244233231402], [-34.89549086373915, -8.112326813359141], [-34.89541887036725, -8.112214679612277], [-34.895341442472905, -8.11210620120993], [-34.89525876658741, -8.112001639482603], [-34.895171041884254, -8.11190124632525], [-34.89507847969936, -8.111805263590416], [-34.89498130302188, -8.111713922505706], [-34.894879745957084, -8.111627443116722], [-34.894774053162344, -8.111546033757012], [-34.894664479257784, -8.111469890546141], [-34.89455128821291, -8.111399196917326], [-34.89443475271067, -8.111334123175531], [-34.89431515349067, -8.111274826087174], [-34.8941927786728, -8.1112214485025], [-34.894067923063226, -8.111174119011471], [-34.89394088744422, -8.111132951634007], [-34.89381197784961, -8.111098045545255], [-34.893681504827555, -8.111069484836719], [-34.893549782692496, -8.111047338313691], [-34.893417128768, -8.111031659329443], [-34.89328386262234, -8.111022485656735], [-34.893150305298725, -8.111019839396779], [-34.89301677854192, -8.111023726926017], [-34.89288360402321, -8.111034138880713], [-34.892751102565505, -8.111051050179531], [-34.89261959337056, -8.111074420083897], [-34.892489393249974, -8.111104192296168], [-34.89236081586208, -8.111140295095176], [-34.892234170956314, -8.111182641509046], [-34.892109763627104, -8.111231129524663], [-34.89198789357885, -8.111285642333373], [-34.89186885440399, -8.111346048612395], [-34.891752932875725, -8.111412202841159], [-34.89164040825719, -8.111483945651814], [-34.89153155162868, -8.111561104213134], [-34.891426625234644, -8.111643492646847], [-34.891325881851884, -8.111730912475455], [-34.89122956418063, -8.111823153100252], [-34.89113790425981, -8.111919992308712], [-34.89105112290808, -8.11202119680977], [-34.8909694291918, -8.112126522795831], [-34.89089301992134, -8.112235716530035], [-34.890822079177, -8.112348514957564], [-34.890756777865384, -8.112464646339339], [-34.890697273307715, -8.112583830906608], [-34.8906437088608, -8.112705781534933], [-34.890596213571555, -8.112830204435886], [-34.890554901866125, -8.112956799864788], [-34.89051987327412, -8.113085262842821], [-34.890491212188856, -8.113215283891753], [-34.89046898766387, -8.113346549779443], [-34.8904532532466, -8.113478744274529], [-34.89044404684928, -8.113611548908164], [-34.89044139065754, -8.113744643741335]]]}}, {"type": "Feature", "properties": {"ponto_id": 6, "bairro": "Boa Viagem", "trecho": "Avenida Conselheiro Aguiar (Interseção com a Rua Dona Benvinda)", "tipo": "Ponto", "precisao": "Interseção", "verificada": "não", "prior_emlurb": "Não", "grupo": "G1", "lat": -8.111009, "lon": -34.891491, "raio_m": 300}, "geometry": {"type": "Polygon", "coordinates": [[[-34.888769406334774, -8.111021628361145], [-34.88877330597384, -8.111154692920584], [-34.88878375279803, -8.111287406512268], [-34.88880072164619, -8.111419449415594], [-34.88882417164477, -8.111550503525388], [-34.88885404630622, -8.111680253118347], [-34.88889027366504, -8.111808385613601], [-34.888932766451084, -8.111934592325847], [-34.888981422299786, -8.112058569208966], [-34.88903612399868, -8.112180017588543], [-34.88909673976977, -8.11229864488144], [-34.889163123586954, -8.112414165300693], [-34.889235115527796, -8.112526300543996], [-34.88931254215877, -8.112634780464253], [-34.88939521695304, -8.112739343720353], [-34.88948294073987, -8.112839738406803], [-34.889575502184364, -8.112935722660694], [-34.88967267829669, -8.113027065244331], [-34.889774234969195, -8.113113546102351], [-34.88987992754049, -8.113194956891883], [-34.889989501384825, -8.11327110148454], [-34.8901026925256, -8.113341796438863], [-34.89021922827125, -8.113406871442306], [-34.89033882787233, -8.113466169721562], [-34.890461203197816, -8.113519548420266], [-34.890586059429346, -8.11356687894314], [-34.8907130957715, -8.113608047265798], [-34.890842006176484, -8.113642954209498], [-34.8909724800815, -8.113671515680043], [-34.891104203157, -8.113693662870352], [-34.89123685806393, -8.113709342426285], [-34.891370125218366, -8.113718516575114], [-34.89150368356144, -8.11372116321656], [-34.891637211332885, -8.113717275975981], [-34.891770386846225, -8.11370686421976], [-34.891902889263825, -8.113689953032681], [-34.892034399369855, -8.113666583157524], [-34.892164600339406, -8.113636810896839], [-34.89229317850175, -8.113600707977346], [-34.892419824096116, -8.113558361377061], [-34.89254423201788, -8.113509873115735], [-34.89266610255375, -8.113455360009093], [-34.89278514210372, -8.113394953387335], [-34.892901063888495, -8.113328798778731], [-34.89301358864036, -8.113257055559009], [-34.89312244527597, -8.113179896567381], [-34.89322737154945, -8.113097507690096], [-34.893328114684145, -8.113010087412585], [-34.89342443198162, -8.1129178463413], [-34.8935160914063, -8.112821006696286], [-34.89360287214447, -8.112719801775818], [-34.89368456513622, -8.11261447539427], [-34.89376097357906, -8.112505281294833], [-34.89383191340199, -8.112392482538123], [-34.893897213708925, -8.1122763508684], [-34.89395671719037, -8.112157166058962], [-34.89401028050233, -8.112035215238079], [-34.89405777461157, -8.111910792197271], [-34.894099085106454, -8.11178419668354], [-34.894134112472486, -8.111655733677223], [-34.894162772332024, -8.111525712657256], [-34.89418499564746, -8.111394446855657], [-34.89420072888747, -8.111262252502852], [-34.89420993415595, -8.111129448065933], [-34.894212589283214, -8.110996353481353], [-34.894208687879356, -8.110863289384275], [-34.89419823934957, -8.1107305763361], [-34.89418126887144, -8.110598534052201], [-34.89415781733421, -8.110467480631792], [-34.89412794124025, -8.110337731791528], [-34.89409171256885, -8.110209600105028], [-34.8940492186028, -8.110083394249813], [-34.894000561718045, -8.109959418263749], [-34.893945859137006, -8.109837970812602], [-34.89388524264618, -8.10971934447058], [-34.89381885827861, -8.109603825015487], [-34.89374686596201, -8.109491690740338], [-34.89366943913357, -8.10938321178291], [-34.89358676432197, -8.109278649475044], [-34.89349904069817, -8.109178255713093], [-34.89340647959544, -8.109082272351065], [-34.89330930400037, -8.108990930618074], [-34.8932077480156, -8.108904450561278], [-34.89310205629591, -8.108823040515848], [-34.89299248345883, -8.108746896602987], [-34.892879293471296, -8.108676202257616], [-34.89276275901373, -8.108611127786423], [-34.89264316082319, -8.108551829957571], [-34.89252078701712, -8.108498451623106], [-34.89239593239923, -8.108451121374788], [-34.892268897749425, -8.108409953234366], [-34.89213998909918, -8.108375046378818], [-34.89200951699439, -8.108346484901496], [-34.8918777957473, -8.108324337609549], [-34.89174514267932, -8.108308657858094], [-34.891611877356674, -8.108299483421739], [-34.89147832082058, -8.108296836403534], [-34.89134479481393, -8.108300723181754], [-34.891211621006185, -8.108311134394466], [-34.89107912021856, -8.108328044962112], [-34.890947611651185, -8.108351414147888], [-34.890817412114146, -8.108381185655881], [-34.89068883526436, -8.108417287766619], [-34.89056219085001, -8.10845963350987], [-34.8904377839643, -8.108508120874145], [-34.89031591431059, -8.108562633052355], [-34.89019687548035, -8.108623038723241], [-34.89008095424597, -8.108689192367684], [-34.889968429869846, -8.108760934619248], [-34.889859573431714, -8.10883809264805], [-34.88975464717555, -8.1089204805771], [-34.88965390387784, -8.109007899930116], [-34.88955758623859, -8.10910014010953], [-34.889465926296666, -8.109196978903897], [-34.88937914487075, -8.109298183023146], [-34.889297451027396, -8.109403508660597], [-34.889221041577294, -8.109512702080234], [-34.889150100601135, -8.10962550022799], [-34.889084799006106, -8.109741631365468], [-34.88902529411411, -8.109860815724492], [-34.88897172928275, -8.109982766181144], [-34.88892423355987, -8.11010718894739], [-34.88888292137265, -8.110233784278892], [-34.88884789225187, -8.110362247197056], [-34.8888192305921, -8.110492268223796], [-34.88879700544827, -8.110623534127033], [-34.88878127036931, -8.110755728675361], [-34.88877206326904, -8.110888533399809], [-34.888769406334774, -8.111021628361145]]]}}, {"type": "Feature", "properties": {"ponto_id": 7, "bairro": "Boa Viagem", "trecho": "Avenida Conselheiro Aguiar (Interseção com a Rua Maria Carolina)", "tipo": "Ponto", "precisao": "Interseção", "verificada": "não", "prior_emlurb": "Não", "grupo": "G1", "lat": -8.11538, "lon": -34.894176, "raio_m": 300}, "geometry": {"type": "Polygon", "coordinates": [[[-34.891454381169225, -8.115392653060455], [-34.89145828206139, -8.115525717354544], [-34.89146873019631, -8.115658430622021], [-34.891485700409675, -8.115790473143065], [-34.89150915182466, -8.115921526813413], [-34.89153902795029, -8.116051275910829], [-34.89157525681755, -8.116179407855633], [-34.891617751152666, -8.116305613963837], [-34.891666408587334, -8.116429590190778], [-34.89172111190526, -8.116551037863623], [-34.89178172932457, -8.116669664400934], [-34.89184811481518, -8.116785184017557], [-34.89192010845063, -8.116897318413129], [-34.89199753679329, -8.117005797442582], [-34.89208021331222, -8.117110359766952], [-34.892167938832515, -8.117210753482993], [-34.89226050201512, -8.11730673673013], [-34.89235767986599, -8.11739807827309], [-34.89245923827329, -8.117484558059013], [-34.89256493257146, -8.11756596774761], [-34.89267450813058, -8.117642111213156], [-34.8927877009699, -8.117712805016893], [-34.89290423839378, -8.11777787884905], [-34.89302383964872, -8.117837175939144], [-34.89314621659971, -8.117890553433673], [-34.89327107442447, -8.11793788274026], [-34.89339811232373, -8.117979049837452], [-34.89352702424595, -8.118013955549458], [-34.89365749962467, -8.118042515785046], [-34.89378922412678, -8.118064661740114], [-34.893921880409785, -8.118080340063505], [-34.89405514888646, -8.118089512985456], [-34.894188708494724, -8.118092158408647], [-34.89432223747127, -8.118088269961365], [-34.89445541412672, -8.118077857012915], [-34.894587917620676, -8.11806094465095], [-34.89471942873472, -8.118037573621084], [-34.8948496306415, -8.11800780022865], [-34.89497820966805, -8.1179716962031], [-34.89510485605149, -8.117929348525113], [-34.895229264685305, -8.11788085921704], [-34.895351135854476, -8.11782634509713], [-34.89547017595749, -8.117765937498032], [-34.895586098213705, -8.11769978195037], [-34.89569862335428, -8.117628037832135], [-34.89580748029492, -8.117550877984703], [-34.89591240678903, -8.1174684882964], [-34.896013150059424, -8.117381067254595], [-34.896109467407335, -8.117288825467597], [-34.89620112679707, -8.117191985157177], [-34.896287907415, -8.1170907796232], [-34.89636960020151, -8.116985452681535], [-34.89644600835461, -8.116876258076722], [-34.89651694780399, -8.116763458870587], [-34.896582247654486, -8.116647326808481], [-34.896641750597695, -8.116528141664642], [-34.89669531329093, -8.116406190568144], [-34.89674280670243, -8.116281767311182], [-34.89678411642226, -8.116155171641267], [-34.89681914293781, -8.116026708539113], [-34.89684780187347, -8.115896687483895], [-34.89687002419386, -8.115765421707707], [-34.89688575637007, -8.11563322744091], [-34.89689496050856, -8.115500423150388], [-34.896897614442366, -8.115367328772248], [-34.89689371178446, -8.115234264941146], [-34.89688326194306, -8.115101552217842], [-34.89686629009892, -8.114969510316921], [-34.896842837144575, -8.114838457336676], [-34.89681295958581, -8.114708708992694], [-34.89677672940545, -8.114580577857406], [-34.89673423388991, -8.11445437260699], [-34.89668557541887, -8.114330397277863], [-34.8966308712186, -8.114208950534199], [-34.896570253079474, -8.114090324948497], [-34.896503867038504, -8.11397480629674], [-34.89643187302747, -8.113862672870004], [-34.896354444487585, -8.113754194804024], [-34.8962717679517, -8.113649633428485], [-34.8961840425949, -8.113549240637496], [-34.89609147975465, -8.11345325828272], [-34.89599430242171, -8.113361917590847], [-34.895892744702905, -8.113275438606523], [-34.895787051257194, -8.113194029662331], [-34.89567747670627, -8.113117886876823], [-34.89556428502116, -8.113047193682208], [-34.89544774888641, -8.112982120382387], [-34.8953281490431, -8.11292282374272], [-34.89520577361265, -8.112869446612377], [-34.89508091740269, -8.112822117580215], [-34.89495388119693, -8.112780950665059], [-34.89482497103062, -8.112746045040929], [-34.894694497453294, -8.112717484798223], [-34.894562774780724, -8.112695338741108], [-34.89443012033777, -8.112679660221728], [-34.89429685369396, -8.112670487011728], [-34.8941632958937, -8.112667841211204], [-34.89402976868289, -8.112671729195505], [-34.89389659373392, -8.112682141599779], [-34.89376409187074, -8.11269905334162], [-34.893632582296064, -8.112722423681383], [-34.893502381822415, -8.112752196320383], [-34.89337380410896, -8.11278829953642], [-34.89324715890595, -8.112830646356615], [-34.8931227513085, -8.112879134766878], [-34.89300088102168, -8.112933647957602], [-34.89288184163848, -8.112994054605094], [-34.892765919932614, -8.11306020918789], [-34.89265339516765, -8.11313195233729], [-34.89254453842422, -8.113209111221249], [-34.89243961194706, -8.11329149996072], [-34.89233886851317, -8.113378920077473], [-34.89224255082291, -8.113471160972104], [-34.89215089091525, -8.113568000431444], [-34.89206410960882, -8.113669205163818], [-34.891982415969856, -8.113774531361077], [-34.89190600680857, -8.113883725285854], [-34.89183506620497, -8.113996523882866], [-34.891769765065334, -8.114112655412638], [-34.89171026071048, -8.114231840106047], [-34.89165669649673, -8.114353790838363], [-34.89160920147043, -8.1144782138209], [-34.89156789005709, -8.114604809308782], [-34.891532861785635, -8.114733272323052], [-34.89150420104858, -8.114863293385392], [-34.89148197689866, -8.114994559263627], [-34.89146624288239, -8.115126753726416], [-34.89145703691105, -8.115259558304983], [-34.891454381169225, -8.115392653060455]]]}}, {"type": "Feature", "properties": {"ponto_id": 8, "bairro": "Boa Viagem", "trecho": "Avenida Conselheiro Aguiar (Do nº 1501 até a Rua Baltazar Pereira)", "tipo": "Linha", "precisao": "Interseção", "verificada": "não", "prior_emlurb": "Não", "grupo": "G2", "lat": -8.101066, "lon": -34.886765, "raio_m": 300}, "geometry": {"type": "Polygon", "coordinates": [[[-34.88404346571591, -8.101078581464371], [-34.884047362959365, -8.101211646508874], [-34.884057807250606, -8.101344360697409], [-34.88407477343458, -8.101476404307943], [-34.88409822064415, -8.101607459233596], [-34.88412809239847, -8.10173720974911], [-34.88416431673905, -8.101865343271399], [-34.884206806403014, -8.101991551112688], [-34.88425545903329, -8.102115529224138], [-34.884310157425176, -8.102236978928397], [-34.884370769808655, -8.102355607639128], [-34.88443715016576, -8.102471129565954], [-34.88450913858241, -8.102583266402954], [-34.88458656163355, -8.102691747999188], [-34.884669232800974, -8.102796313009515], [-34.88475695292269, -8.102896709524224], [-34.88484951067265, -8.102992695676006], [-34.88494668306989, -8.103084040222589], [-34.88504823601575, -8.103170523103895], [-34.885153924857796, -8.103251935972171], [-34.885263494979284, -8.10332808269404], [-34.88537668241257, -8.103398779822907], [-34.885493214475055, -8.103463857040985], [-34.885612810426146, -8.103523157569642], [-34.88573518214365, -8.10357653854709], [-34.88586003481789, -8.10362387137256], [-34.88598706766201, -8.103665042016125], [-34.886115974636674, -8.103699951293446], [-34.886246445187346, -8.103728515104704], [-34.88637816499257, -8.103750664637177], [-34.886510816721184, -8.10376634653108], [-34.88664408079693, -8.10377552300805], [-34.88677763616836, -8.103778171962201], [-34.886911161082374, -8.103774287013303], [-34.88704433385939, -8.103763877522224], [-34.88717683366837, -8.103746968568288], [-34.887308341299786, -8.103723600888888], [-34.88743853993468, -8.103693830781278], [-34.88756711590798, -8.103657729966988], [-34.88769375946415, -8.103615385418955], [-34.887818165503525, -8.103566899151977], [-34.88794003431732, -8.103512387976977], [-34.88805907230969, -8.103451983219497], [-34.88817499270511, -8.103385830403301], [-34.88828751623919, -8.103314088899802], [-34.888396371831526, -8.103236931544064], [-34.88850129723876, -8.103154544218404], [-34.888602039686326, -8.10306712540449], [-34.888698356477434, -8.102974885705263], [-34.88879001557771, -8.10287804733745], [-34.888876796174245, -8.10277684359624], [-34.888958489207454, -8.102671518293175], [-34.88903489787473, -8.102562325168838], [-34.88910583810454, -8.102449527281493], [-34.889171138999814, -8.102333396373307], [-34.88923064324962, -8.102214212215744], [-34.8892842075081, -8.102092261935487], [-34.88933170273974, -8.101967839322779], [-34.88937301453019, -8.10184124412357], [-34.88940804336184, -8.101712781317447], [-34.88943670485348, -8.101582760382868], [-34.889458929963574, -8.101451494551645], [-34.88947466515646, -8.101319300054273], [-34.889483872531336, -8.101186495358201], [-34.88948652991342, -8.101053400400506], [-34.88948263090737, -8.100920335817259], [-34.889472184912584, -8.100787622171032], [-34.88945521710055, -8.100655579178643], [-34.88943176835407, -8.100524524941015], [-34.88940189516879, -8.10039477517678], [-34.889365669516984, -8.10026664246179], [-34.88932317867416, -8.100140435476044], [-34.88927452500873, -8.100016458260143], [-34.88921982573538, -8.099895009482818], [-34.88915921263262, -8.09977638172147], [-34.88909283172532, -8.099660860757345], [-34.88902084293288, -8.099548724887079], [-34.888943419683976, -8.09944024425231], [-34.888860748498686, -8.099335680188922], [-34.88877302853921, -8.099235284597501], [-34.88868047113003, -8.099139299336464], [-34.88858329924881, -8.099047955639506], [-34.888481746989264, -8.098961473558527], [-34.888376058997196, -8.098880061433563], [-34.88826648988117, -8.098803915390844], [-34.88815330359915, -8.098733218870416], [-34.88803677282264, -8.098668142184207], [-34.88791717827986, -8.098608842105733], [-34.887794808079434, -8.098555461492438], [-34.887669957016435, -8.098508128941589], [-34.887542925862185, -8.09846695848047], [-34.88741402063976, -8.098432049291658], [-34.88728355188681, -8.098403485474122], [-34.887151833907495, -8.098381335840646], [-34.88701918401538, -8.098365653751985], [-34.88688592176904, -8.098356476988378], [-34.88675236820231, -8.09835382765848], [-34.8866188450509, -8.098357712146123], [-34.88648567397742, -8.098368121094891], [-34.8863531757965, -8.098385029430686], [-34.886221669701996, -8.098408396422059], [-34.88609147249806, -8.098438165778392], [-34.88596289783599, -8.098474265785383], [-34.88583625545868, -8.098516609477873], [-34.88571185045445, -8.098565094849295], [-34.88558998252213, -8.098619605097365], [-34.88547094524904, -8.098680008905461], [-34.88535502540381, -8.098746160758962], [-34.88524250224552, -8.098817901295721], [-34.88513364685095, -8.098895057689996], [-34.88502872146157, -8.098977444068721], [-34.88492797885177, -8.099064861959345], [-34.88483166171989, -8.099157100767828], [-34.884740002103584, -8.099253938286012], [-34.88465322082074, -8.099355141226898], [-34.884571526937556, -8.09946046578665], [-34.88449511726482, -8.099569658231836], [-34.884424175883744, -8.099682455510743], [-34.88435887370249, -8.099798585887058], [-34.88429936804438, -8.099917769594441], [-34.88424580226882, -8.100039719510542], [-34.88419830542595, -8.10016414184863], [-34.884156991945616, -8.100290736865395], [-34.884121961361735, -8.100419199583005], [-34.884093298072365, -8.100549220523861], [-34.88407107113637, -8.100680486456092], [-34.884055334106975, -8.10081268114822], [-34.88404612490269, -8.100945486130927], [-34.88404346571591, -8.101078581464371]]]}}, {"type": "Feature", "properties": {"ponto_id": 9, "bairro": "Imbiribeira", "trecho": "Avenida Mascarenhas de Moraes (Da Rua General Mac Arthur até a Universo)", "tipo": "Linha", "precisao": "Interseção", "verificada": "não", "prior_emlurb": "Não", "grupo": "G3", "lat": -8.108934, "lon": -34.911777, "raio_m": 300}, "geometry": {"type": "Polygon", "coordinates": [[[-34.90905545246498, -8.108946760605315], [-34.909059358556895, -8.109079823446677], [-34.90906981170742, -8.109212535005815], [-34.90908678674016, -8.109344575567004], [-34.90911024276665, -8.10947562703069], [-34.90914012328483, -8.109605373679937], [-34.90917635631506, -8.109733502940957], [-34.90921885457354, -8.109859706136216], [-34.909267515682494, -8.109983679228055], [-34.90932222241679, -8.110105123551193], [-34.90938284298626, -8.110223746532244], [-34.909449231353264, -8.110339262394621], [-34.90952122758436, -8.110451392846995], [-34.909598658235666, -8.110559867753805], [-34.909681336770674, -8.110664425786009], [-34.909769064009595, -8.1107648150507], [-34.90986162860922, -8.110860793698029], [-34.909958807572075, -8.110952130503806], [-34.91006036678365, -8.111038605426588], [-34.91016606157639, -8.111120010137805], [-34.91027563731922, -8.111196148523725], [-34.910388830030904, -8.11126683715784], [-34.91050536701612, -8.111331905742851], [-34.9106249675224, -8.111391197520906], [-34.91074734341654, -8.111444569651317], [-34.91087219987878, -8.111491893554648], [-34.910999236113156, -8.111533055222468], [-34.91112814607211, -8.111567955492085], [-34.91125861919392, -8.111596510285391], [-34.911390341150906, -8.111618650811403], [-34.91152299460672, -8.111634323732057], [-34.91165625998093, -8.111643491290627], [-34.91178981621895, -8.111646131402724], [-34.91192334156559, -8.111642237709447], [-34.91205651434021, -8.111631819592747], [-34.91218901371179, -8.111614902152745], [-34.912320520471845, -8.111591526147304], [-34.912450717803516, -8.111561747893752], [-34.912579292044875, -8.111525639133266], [-34.91270593344457, -8.11148328685794], [-34.91283033690813, -8.11143479310121], [-34.91295220273299, -8.111380274692053], [-34.91307123733052, -8.11131986297346], [-34.91318715393337, -8.111253703485977], [-34.91329967328633, -8.111181955617104], [-34.91340852431907, -8.11110479221725], [-34.913513444799214, -8.111022399183293], [-34.91361418196411, -8.110934975010679], [-34.9137104931297, -8.110842730315246], [-34.913802146275195, -8.110745887325773], [-34.91388892060205, -8.110644679348582], [-34.91397060706579, -8.110539350205412], [-34.91404700887968, -8.110430153646105], [-34.91411794198869, -8.110317352737194], [-34.91418323551296, -8.110201219228117], [-34.91424273215931, -8.110082032896594], [-34.914296288600234, -8.109960080874542], [-34.91434377581906, -8.109835656956381], [-34.91438507942077, -8.109709060891198], [-34.914420099907474, -8.109580597660651], [-34.91444875291812, -8.109450576744207], [-34.914470969431584, -8.10931931137361], [-34.914486695932965, -8.109187117778234], [-34.91449589454236, -8.109054314423334], [-34.914498543106156, -8.10892122124274], [-34.91449463525024, -8.108788158868215], [-34.91448418039535, -8.108655447856995], [-34.91446720373429, -8.108523407919527], [-34.91444374617122, -8.108392357149357], [-34.91441386422301, -8.108262611256745], [-34.914377629883035, -8.10813448280819], [-34.91433513044773, -8.1080082804734], [-34.91428646830621, -8.107884308281754], [-34.91423176069356, -8.107762864889853], [-34.91417113940837, -8.107644242862126], [-34.91410475049521, -8.107528727965972], [-34.91403275389277, -8.107416598483415], [-34.91395532304849, -8.107308124540674], [-34.913872644500756, -8.107203567457518], [-34.91378491742948, -8.1071031791177], [-34.91369235317626, -8.107007201362173], [-34.913595174735214, -8.106915865406531], [-34.913493616215845, -8.10682939128403], [-34.91338792227902, -8.10674798731554], [-34.91327834754761, -8.10667184960763], [-34.91316515599306, -8.106601161580281], [-34.91304862029959, -8.106536093524966], [-34.91292902120722, -8.106476802194406], [-34.91280664683553, -8.106423430424996], [-34.9126817919896, -8.1063761067927], [-34.91255475744986, -8.10633494530333], [-34.912425849247526, -8.106300045117859], [-34.912295377927414, -8.106271490313592], [-34.91216365779985, -8.106249349681608], [-34.91203100618357, -8.106233676561], [-34.911897742641266, -8.106224508710417], [-34.91176418820991, -8.106221868217057], [-34.91163066462728, -8.106225761443497], [-34.91149749355703, -8.10623617901228], [-34.91136499581376, -8.106253095828556], [-34.911233490590284, -8.106276471140482], [-34.91110329468866, -8.1063062486374], [-34.91097472175704, -8.106342356585422], [-34.91084808153416, -8.106384708000277], [-34.910723679103164, -8.106433200856817], [-34.91060181415667, -8.106487718334732], [-34.91048278027485, -8.106548129100005], [-34.910366864218155, -8.106614287621264], [-34.91025434523655, -8.106686034520322], [-34.91014549439678, -8.106763196956104], [-34.91004057392935, -8.106845589041013], [-34.90993983659682, -8.106933012288755], [-34.90984352508483, -8.107025256092385], [-34.90975187141752, -8.107122098231724], [-34.90966509639846, -8.107223305408635], [-34.90958340907879, -8.107328633809079], [-34.9095070062535, -8.10743782969037], [-34.90943607198733, -8.107550629992511], [-34.90937077717133, -8.107666762971904], [-34.90931127911107, -8.107785948855929], [-34.90925772114772, -8.107907900516976], [-34.90921023231257, -8.108032324164107], [-34.909168927016225, -8.108158920050839], [-34.909133904772894, -8.108287383197236], [-34.90910524996055, -8.108417404124648], [-34.909083031617655, -8.108548669601214], [-34.90906730327676, -8.10868086339654], [-34.909058102835445, -8.108813667043458], [-34.90905545246498, -8.108946760605315]]]}}, {"type": "Feature", "properties": {"ponto_id": 11, "bairro": "Boa Viagem", "trecho": "Rua Professor José Brandão (Toda a extensão)", "tipo": "Linha", "precisao": "Aproximado", "verificada": "não", "prior_emlurb": "Não", "grupo": "G1", "lat": -8.111816, "lon": -34.894789, "raio_m": 300}, "geometry": {"type": "Polygon", "coordinates": [[[-34.89206740611496, -8.111828651637675], [-34.89207130690163, -8.11196171590935], [-34.89208175487121, -8.112094429157889], [-34.89209872485979, -8.112226471663512], [-34.892122175991084, -8.112357525321995], [-34.892152051774794, -8.112487274411125], [-34.892188280242735, -8.112615406351248], [-34.89223077412209, -8.112741612458384], [-34.89227943104564, -8.112865588687878], [-34.89233413379833, -8.11298703636689], [-34.892394750599635, -8.113105662913961], [-34.89246113542097, -8.11322118254392], [-34.89253312833747, -8.113333316956371], [-34.89261055591325, -8.113441796006208], [-34.89269323161922, -8.113546358354421], [-34.892780956282415, -8.113646752097702], [-34.89287351856585, -8.113742735375421], [-34.89297069547765, -8.11383407695222], [-34.89307225290825, -8.11392055677517], [-34.89317794619441, -8.114001966503887], [-34.89328752070869, -8.114078110012553], [-34.89340071247283, -8.11414880386231], [-34.8935172487938, -8.114213877743278], [-34.89363684892074, -8.114273174884852], [-34.89375922472137, -8.114326552433415], [-34.89388408137618, -8.114373881796453], [-34.89401111808871, -8.114415048952383], [-34.894140028810305, -8.114449954725279], [-34.894270502977385, -8.114478515023752], [-34.89440222625974, -8.114500661043563], [-34.89453488131787, -8.114516339433383], [-34.894668148567455, -8.114525512423304], [-34.894801706949394, -8.114528157915837], [-34.89493523470333, -8.114524269539105], [-34.89506841014284, -8.114513856662239], [-34.895200912430454, -8.114496944372727], [-34.89533242235066, -8.114473573416001], [-34.895462623079, -8.114443800097222], [-34.895591200945326, -8.114407696145664], [-34.89571784618957, -8.11436534854183], [-34.895842253707976, -8.114316859307884], [-34.89596412378819, -8.114262345261903], [-34.89608316283133, -8.114201937736354], [-34.89619908405933, -8.114135782261682], [-34.89631160820581, -8.114064038215709], [-34.89642046418887, -8.113986878439624], [-34.896525389764236, -8.11390448882159], [-34.896626132156925, -8.113817067848798], [-34.896722448670275, -8.113724826129399], [-34.896814107270636, -8.113627985884989], [-34.89690088714626, -8.113526780415274], [-34.89698257923932, -8.113421453535974], [-34.89705898674949, -8.11331225899147], [-34.89712992560804, -8.113199459843448], [-34.8971952249212, -8.113083327837112], [-34.89725472738186, -8.112964142746568], [-34.89730828964849, -8.112842191700754], [-34.89735578269038, -8.112717768491748], [-34.89739709209848, -8.11259117286694], [-34.8974321183609, -8.112462709806943], [-34.897460777102665, -8.112332688790815], [-34.89748299928885, -8.112201423050562], [-34.89749873139087, -8.112069228816463], [-34.89750793551535, -8.111936424555314], [-34.89751058949537, -8.111803330203152], [-34.89750668694378, -8.111670266394572], [-34.89749623726854, -8.111537553690281], [-34.89747926565, -8.111405511804817], [-34.897455812980155, -8.111274458836428], [-34.8974259357641, -8.111144710500684], [-34.89738970598381, -8.11101657936999], [-34.89734721092477, -8.110890374120514], [-34.897298552965545, -8.110766398788671], [-34.89724384933114, -8.110644952038644], [-34.89718323181061, -8.110526326442946], [-34.89711684643944, -8.110410807777585], [-34.897044853147804, -8.110298674333675], [-34.89696742537519, -8.110190196246986], [-34.8968847496526, -8.110085634847257], [-34.89679702515314, -8.109985242028662], [-34.896704463212224, -8.109889259642925], [-34.89660728681843, -8.109797918916811], [-34.89650573007634, -8.109711439895058], [-34.89640003764254, -8.109630030910331], [-34.89629046413631, -8.109553888081294], [-34.89617727352615, -8.109483194840248], [-34.89606073849399, -8.109418121491213], [-34.8959411397783, -8.109358824799676], [-34.89581876549776, -8.10930544761492], [-34.895693910457226, -8.109258118525945], [-34.895566875437616, -8.109216951551709], [-34.8954379664713, -8.10918204586638], [-34.895307494104934, -8.109153485560494], [-34.89517577265138, -8.10913133943839], [-34.89504311943256, -8.109115660852352], [-34.89490985401504, -8.109106487574193], [-34.894776297440295, -8.109103841704178], [-34.89464277145128, -8.109107729617813], [-34.89450959771743, -8.109118141950427], [-34.89437709705977, -8.109135053619786], [-34.89424558867811, -8.109158423886415], [-34.89411538938212, -8.109188196451807], [-34.89398681282813, -8.10922429959394], [-34.89386016876358, -8.109266646340112], [-34.89373576228086, -8.109315134676407], [-34.893613893082346, -8.109369647793404], [-34.89349485475843, -8.109430054367579], [-34.89337893408027, -8.109496208877648], [-34.89326641030893, -8.109567951955086], [-34.893157554522695, -8.10964511076802], [-34.893052628963964, -8.109727499437568], [-34.892951886407545, -8.109814919485673], [-34.892855569551664, -8.1099071603131], [-34.8927639104333, -8.110003999706823], [-34.89267712986917, -8.110105204375337], [-34.89259543692373, -8.110210530510644], [-34.89251902840552, -8.110319724375522], [-34.892448088392996, -8.110432522914834], [-34.89238278779102, -8.110548654389238], [-34.892323283919104, -8.110667839029743], [-34.8922697201324, -8.110789789711754], [-34.892222225476225, -8.110914212646692], [-34.89218091437521, -8.111040808089808], [-34.89214588635751, -8.11116927106224], [-34.892117225815035, -8.111299292085773], [-34.892095001800044, -8.11143055792833], [-34.892079267858726, -8.111562752358644], [-34.89207006190218, -8.111695556908026], [-34.89206740611496, -8.111828651637675]]]}}, {"type": "Feature", "properties": {"ponto_id": 12, "bairro": "Boa Viagem", "trecho": "Rua Padre Bernardino Pessoa (Da Avenida Conselheiro Aguiar até a Via Mangue)", "tipo": "Linha", "precisao": "Aproximado", "verificada": "não", "prior_emlurb": "Não", "grupo": "G1", "lat": -8.112935, "lon": -34.896796, "raio_m": 300}, "geometry": {"type": "Polygon", "coordinates": [[[-34.89407440176166, -8.112947666778094], [-34.894078303300766, -8.113080730869171], [-34.89408875203148, -8.113213443901072], [-34.894105722788055, -8.113345486154538], [-34.894129174692345, -8.113476539525951], [-34.89415905125222, -8.113606288293793], [-34.89419528049758, -8.113734419879172], [-34.89423777515377, -8.113860625598974], [-34.89428643285168, -8.11398460140946], [-34.89434113637441, -8.11410604863881], [-34.894401753939555, -8.114224674706646], [-34.894468139516704, -8.114340193828944], [-34.89454013317917, -8.114452327706536], [-34.89461756148927, -8.114560806195602], [-34.894700237916126, -8.114665367958478], [-34.89478796328506, -8.114765761093269], [-34.894880526257374, -8.114861743740809], [-34.894977703839544, -8.114953084667256], [-34.89507926192036, -8.115039563821254], [-34.89518495583504, -8.115120972864023], [-34.895294530954615, -8.1151971156714], [-34.895407723299364, -8.11526780880622], [-34.895524260174874, -8.11533288196032], [-34.89564386082892, -8.115392178364852], [-34.89576623712797, -8.115445555167966], [-34.895891094251304, -8.11549288377896], [-34.89601813140134, -8.115534050178049], [-34.896147042528355, -8.115568955191137], [-34.89627751706779, -8.115597514728671], [-34.896409240688556, -8.115619659988235], [-34.896541896050316, -8.115635337620343], [-34.89667516356802, -8.115644509856912], [-34.89680872218194, -8.115647154602268], [-34.89694225013113, -8.115643265486337], [-34.89707542572871, -8.115632851880033], [-34.89720792813683, -8.115615938872596], [-34.897339438139696, -8.115592567211198], [-34.89746963891262, -8.115562793202695], [-34.89759821678538, -8.115526688578024], [-34.89772486199787, -8.115484340319309], [-34.89784926944642, -8.1154358504503], [-34.89797113941885, -8.115381335790604], [-34.898090178316544, -8.115320927674164], [-34.89820609936175, -8.115254771632852], [-34.89831862328857, -8.11518302704585], [-34.89842747901562, -8.115105866755663], [-34.89853240429924, -8.115023476651682], [-34.89863314636515, -8.114936055222282], [-34.8987294625175, -8.114843813076703], [-34.89882112072347, -8.114746972437574], [-34.8989079001723, -8.114645766605555], [-34.89898959180717, -8.114540439397231], [-34.89906599882888, -8.114431244557784], [-34.899136937169864, -8.114318445149602], [-34.899202235937594, -8.114202312918517], [-34.89926173782631, -8.114083127639184], [-34.89931529949582, -8.113961176440986], [-34.89936279191688, -8.113836753116376], [-34.89940410068192, -8.113710157413019], [-34.89943912628062, -8.113581694311709], [-34.89946778433959, -8.113451673291603], [-34.89949000582556, -8.113320407584727], [-34.899505737211626, -8.113188213421266], [-34.89951494060615, -8.113055409267853], [-34.89951759384397, -8.112922315060258], [-34.89951369053972, -8.112789251432728], [-34.89950324010318, -8.112656538945531], [-34.89948626771651, -8.112524497312688], [-34.89946281427359, -8.112393444631826], [-34.89943293628136, -8.112263696617829], [-34.899396705723674, -8.112135565842316], [-34.899354209887875, -8.112009360980604], [-34.8993055511544, -8.111885386068174], [-34.89925084675014, -8.111763939768192], [-34.89919022846599, -8.111645314652092], [-34.89912384233928, -8.11152979649472], [-34.89905184830199, -8.111417663585964], [-34.89897441979541, -8.111309186060307], [-34.8988917433523, -8.111204625246137], [-34.89880401814752, -8.111104233036208], [-34.898711455518175, -8.111008251280788], [-34.898614278454495, -8.110916911205116], [-34.89851272106267, -8.110830432852369], [-34.89840702800087, -8.110749024553595], [-34.898297453889846, -8.110672882425803], [-34.8981842626996, -8.11060218989961], [-34.898067727113435, -8.110537117277318], [-34.89794812787115, -8.110477821322647], [-34.89782575309269, -8.11042444488312], [-34.89770089758413, -8.110377116545944], [-34.89757386212749, -8.110335950328256], [-34.897444952756196, -8.110301045402412], [-34.89731448001789, -8.110272485857118], [-34.897182758226315, -8.11025034049487], [-34.89705010470421, -8.11023466266614], [-34.896916839018886, -8.110225490140914], [-34.89678328221244, -8.110222845017631], [-34.89664975602839, -8.110226733670016], [-34.89651658213664, -8.110237146731617], [-34.896384081358605, -8.110254059118434], [-34.896252572894376, -8.110277430089278], [-34.896122373553816, -8.110307203343938], [-34.895993796993366, -8.110343307158743], [-34.89586715296049, -8.110385654559362], [-34.895742746547505, -8.110434143530318], [-34.8956208774566, -8.110488657260646], [-34.89550183927792, -8.110549064425355], [-34.89538591878226, -8.110615219501739], [-34.895273395230284, -8.110686963119901], [-34.8951645396997, -8.110764122446678], [-34.895059614432334, -8.110846511601952], [-34.89495887220227, -8.110933932106485], [-34.89486255570695, -8.111026173359951], [-34.8947708969825, -8.111123013148303], [-34.89468411684467, -8.111224218179071], [-34.89460242435692, -8.111329544643397], [-34.89452601632666, -8.111438738803264], [-34.89445507683118, -8.111551537602821], [-34.8943897767741, -8.111667669302099], [-34.89433027347363, -8.11178685413157], [-34.89427671028353, -8.111908804966175], [-34.894229216247695, -8.112033228016971], [-34.89418790578926, -8.11215982353893], [-34.89415287843484, -8.112288286553001], [-34.89412421857474, -8.112418307580858], [-34.89410199525957, -8.11254957339042], [-34.89408626203385, -8.112681767750498], [-34.89407705680695, -8.112814572192574], [-34.89407440176166, -8.112947666778094]]]}}, {"type": "Feature", "properties": {"ponto_id": 18, "bairro": "Boa Viagem", "trecho": "Rua Jornalista Alfredo Porto Silveira (Toda a extensão)", "tipo": "Linha", "precisao": "Aproximado", "verificada": "não", "prior_emlurb": "Não", "grupo": "isolado", "lat": -8.138796, "lon": -34.913979, "raio_m": 300}, "geometry": {"type": "Polygon", "coordinates": [[[-34.911257254819084, -8.138808822018895], [-34.91126116421885, -8.138941884419907], [-34.91127162114546, -8.139074595391884], [-34.91128860041343, -8.139206635220503], [-34.91131206112413, -8.139337685807982], [-34.91134194676422, -8.139467431439483], [-34.91137818534176, -8.13959555954366], [-34.911420689559606, -8.139721761445763], [-34.911469357025624, -8.13984573311124], [-34.91152407049939, -8.139967175878235], [-34.911584698174536, -8.140085797177104], [-34.911651093996284, -8.1402013112353], [-34.91172309801327, -8.140313439765832], [-34.91180053676286, -8.140421912637752], [-34.91188322368903, -8.14052646852691], [-34.911970959591784, -8.14062685554555], [-34.912063533107045, -8.14072283184923], [-34.912160721215855, -8.14081416621938], [-34.91226228978167, -8.14090063862043], [-34.91236799411441, -8.140982040729858], [-34.91247757955998, -8.141058176440199], [-34.91259078211379, -8.14112886233138], [-34.912707329056765, -8.141193928112683], [-34.91282693961245, -8.141253217033027], [-34.91294932562341, -8.141306586258588], [-34.913074192245496, -8.141353907216917], [-34.91320123865824, -8.141395065906682], [-34.913330158789556, -8.141429963172348], [-34.913460642053195, -8.141458514943041], [-34.91359237409701, -8.14148065243507], [-34.91372503756033, -8.14149632231766], [-34.9138583128386, -8.141505486841414], [-34.91399187885334, -8.141508123929249], [-34.914125413825786, -8.141504227229555], [-34.91425859605208, -8.141493806131527], [-34.91439110467841, -8.141476885742472], [-34.914522620473974, -8.141453506827357], [-34.91465282660013, -8.141423725710533], [-34.91478140937373, -8.141387614140074], [-34.914908059022856, -8.14134525911486], [-34.91503247043314, -8.141296762674957], [-34.91515434388286, -8.14124224165581], [-34.915273385765, -8.141181827406712], [-34.915389309294646, -8.14111566547432], [-34.91550183519989, -8.141043915252023], [-34.9156106923946, -8.140966749595917], [-34.91571561863158, -8.14088435440834], [-34.915816361134276, -8.140796928189914], [-34.915912677205775, -8.14070468156144], [-34.91600433481348, -8.14060783675635], [-34.916091113148084, -8.140506627085356], [-34.91617280315548, -8.140401296374296], [-34.916249208040384, -8.140292098376792], [-34.916320143740414, -8.14017929616285], [-34.916385439369435, -8.14006316148507], [-34.916444937629244, -8.13994397412399], [-34.91649849518844, -8.139822021214021], [-34.9165459830277, -8.139697596551727], [-34.91658728675052, -8.139570999887994], [-34.91662230685874, -8.139442536205928], [-34.916650958992236, -8.139312514986083], [-34.91667317413203, -8.139181249460945], [-34.916688898766544, -8.13904905586026], [-34.91669809502041, -8.138916252649295], [-34.91670074074569, -8.138783159761534], [-34.91669682957516, -8.138650097828036], [-34.91668637093755, -8.13851738740497], [-34.916669390034826, -8.13838534820136], [-34.91664592778136, -8.138254298308983], [-34.91661604070535, -8.138124553435972], [-34.91657980081256, -8.137996426146376], [-34.916537295412816, -8.13787022510709], [-34.91648862690962, -8.13774625434437], [-34.91643391255339, -8.13762481251137], [-34.916373284158986, -8.13750619216874], [-34.916306887788124, -8.137390679079818], [-34.91623488339745, -8.137278551522261], [-34.9161574444532, -8.13717007961765], [-34.91607475751326, -8.137065524680816], [-34.915987021777774, -8.136965138590336], [-34.915894448609194, -8.136869163181727], [-34.91579726102315, -8.136777829664933], [-34.91569569315116, -8.136691358067303], [-34.9155899896766, -8.136609956703625], [-34.91548040524531, -8.136533821674183], [-34.91536720385213, -8.136463136392488], [-34.915250658204926, -8.136398071143393], [-34.915131049067696, -8.136338782672848], [-34.91500866458421, -8.13628541381035], [-34.91488379958388, -8.136238093124849], [-34.914756754871604, -8.13619693461506], [-34.91462783650305, -8.136162037434769], [-34.91449735504752, -8.13613348565403], [-34.914365624839746, -8.136111348056644], [-34.91423296322269, -8.136095677974382], [-34.91409968978315, -8.136086513158583], [-34.91396612558189, -8.136083875689126], [-34.91383259238021, -8.136087771921309], [-34.91369941186491, -8.13609819247043], [-34.91356690487333, -8.136115112234473], [-34.913435390620535, -8.136138490454488], [-34.91330518593029, -8.136168270812822], [-34.91317660447194, -8.136204381568701], [-34.91304995600471, -8.136246735731092], [-34.91292554563161, -8.136295231268242], [-34.91280367306436, -8.136349751353393], [-34.91268463190147, -8.136410164646254], [-34.912568708920936, -8.136476325609369], [-34.912456183389395, -8.13654807485869], [-34.912347326389344, -8.136625239547486], [-34.912242400166136, -8.136707633782748], [-34.91214165749617, -8.136795059073005], [-34.91204534107799, -8.136887304806413], [-34.911953682947505, -8.136984148758145], [-34.91186690391909, -8.137085357625718], [-34.911785213053506, -8.13719068759103], [-34.91170880715431, -8.137299884907634], [-34.911637870293674, -8.137412686512087], [-34.91157257336888, -8.137528820657664], [-34.911513073690614, -8.137648007568941], [-34.91145951460395, -8.137769960115845], [-34.91141202514291, -8.137894384505309], [-34.911370719719635, -8.138020980989074], [-34.91133569784864, -8.138149444585764], [-34.91130704390704, -8.138279465815652], [-34.911284826931215, -8.138410731446152], [-34.91126910045044, -8.138542925246503], [-34.91125990235784, -8.138675728749517], [-34.911257254819084, -8.138808822018895]]]}}, {"type": "Feature", "properties": {"ponto_id": 19, "bairro": "Pina", "trecho": "Rua São Luiz (Final da rua)", "tipo": "Ponto", "precisao": "Aproximado", "verificada": "não", "prior_emlurb": "Não", "grupo": "isolado", "lat": -8.089716, "lon": -34.888275, "raio_m": 300}, "geometry": {"type": "Polygon", "coordinates": [[[-34.88555354427426, -8.089728574020493], [-34.885557441039545, -8.089861639031547], [-34.885567884664525, -8.089994353204618], [-34.88558484999573, -8.090126396817706], [-34.88560829616807, -8.090257451763927], [-34.885638166703195, -8.09038720231797], [-34.88567438964554, -8.090515335896663], [-34.885716877735575, -8.090641543812096], [-34.885765528620034, -8.09076552201525], [-34.885820225098406, -8.09088697182855], [-34.88588083540526, -8.091005600665408], [-34.88594721352765, -8.09112112273514], [-34.88601919955685, -8.091233259731485], [-34.886096620073566, -8.091341741503125], [-34.88617928856571, -8.091446306704501], [-34.8862670058777, -8.091546703425438], [-34.88635956069026, -8.091642689798144], [-34.88645673002952, -8.091734034579812], [-34.88655827980416, -8.09182051770981], [-34.88666396536941, -8.091901930839786], [-34.88677353211641, -8.091978077835732], [-34.88688671608565, -8.092048775250404], [-34.88700324460287, -8.092113852765333], [-34.887122836936044, -8.09217315360117], [-34.88724520497168, -8.092226534895392], [-34.887370053908974, -8.092273868046476], [-34.88749708297009, -8.092315039023708], [-34.88762598612482, -8.092349948641957], [-34.88775645282783, -8.09237851280058], [-34.88788816876692, -8.092400662686018], [-34.88802081662028, -8.092416344937648], [-34.88815407682098, -8.092425521776239], [-34.88828762832693, -8.092428171095037], [-34.88842114939435, -8.092424286512939], [-34.88855431835292, -8.09241387738993], [-34.88868681438081, -8.092396968804444], [-34.88881831827762, -8.092373601492985], [-34.88894851323341, -8.092343831751926], [-34.88907708559195, -8.092307731301908], [-34.88920372560645, -8.092265387114994], [-34.88932812818577, -8.09221690120511], [-34.88944999362947, -8.09216239038231], [-34.88956902834984, -8.092101985971288], [-34.889684945579226, -8.092035833494979], [-34.88979746606089, -8.09196409232396], [-34.889906318721785, -8.0918869352925], [-34.890011241325595, -8.091804548282125], [-34.89011198110453, -8.091717129773748], [-34.890208295368225, -8.091624890369562], [-34.89029995208843, -8.091528052285582], [-34.89038673045792, -8.091426848816305], [-34.89046842142249, -8.091321523772613], [-34.890544828184524, -8.091212330894471], [-34.89061576667708, -8.091099533239532], [-34.89068106600726, -8.090983402549405], [-34.89074056886791, -8.090864218595021], [-34.8907941319165, -8.090742268502575], [-34.890841626120434, -8.090617846061843], [-34.89088293706783, -8.090491251018365], [-34.8909179652431, -8.09036278835135], [-34.89094662626662, -8.090232767538911], [-34.890968851097945, -8.090101501812565], [-34.89098458620211, -8.089969307402564], [-34.89099379367849, -8.089836502776121], [-34.890996451352066, -8.089703407870166], [-34.89099255282678, -8.089570343320627], [-34.89098210750087, -8.089437629690002], [-34.89096514054418, -8.08930558669507], [-34.89094169283747, -8.089174532436763], [-34.89091182087385, -8.089044782633762], [-34.89087559662267, -8.088916649862004], [-34.89083310735602, -8.088790442801637], [-34.890784455438535, -8.088666465493441], [-34.89072975808066, -8.088545016606366], [-34.89066914705629, -8.088426388718094], [-34.8906027683853, -8.088310867610154], [-34.89053078198168, -8.088198731579565], [-34.89045336126834, -8.088090250768328], [-34.89037069275928, -8.087985686512766], [-34.8902829756102, -8.087885290713931], [-34.89019042113883, -8.087789305230748], [-34.89009325231577, -8.087697961297451], [-34.889991703227345, -8.087611478966503], [-34.88988601851173, -8.087530066578559], [-34.8897764527696, -8.08745392026048], [-34.88966326995078, -8.087383223452985], [-34.88954674271846, -8.087318146468695], [-34.8894271517923, -8.08725884608185], [-34.88930478527222, -8.087205465150644], [-34.88917993794444, -8.087158132273107], [-34.88905291057128, -8.087116961477319], [-34.88892400916673, -8.087082051946663], [-34.88879354425923, -8.087053487780942], [-34.888661830143704, -8.087031337793773], [-34.8885291841244, -8.087015655346775], [-34.88839592575059, -8.087006478221044], [-34.88826237604676, -8.087003828526107], [-34.88812885673935, -8.08700771264669], [-34.88799568948171, -8.087018121227254], [-34.88786319507929, -8.087035029194583], [-34.88773169271685, -8.087058395818131], [-34.88760149918955, -8.087088164808145], [-34.88747292813986, -8.087124264451226], [-34.887346289301966, -8.087166607783074], [-34.88722188775567, -8.087215092798003], [-34.88710002319148, -8.087269602694573], [-34.886980989188615, -8.087330006157012], [-34.88686507250783, -8.087396157671527], [-34.88675255240059, -8.08746789787679], [-34.886643699936315, -8.087545053947848], [-34.886538777349436, -8.087627440012408], [-34.886438037407586, -8.087714857598682], [-34.88634172280269, -8.087807096113348], [-34.8862500655663, -8.087903933348958], [-34.886163286510595, -8.088005136019186], [-34.886081594696385, -8.088110460320845], [-34.88600518692948, -8.088219652521119], [-34.8859342472865, -8.088332449568876], [-34.885868946671415, -8.088448579728366], [-34.88580944240377, -8.08856776323376], [-34.88575587783962, -8.088689712963193], [-34.88570838202617, -8.088814135130376], [-34.885667069390806, -8.088940729992409], [-34.88563203946537, -8.089069192571833], [-34.885603376646344, -8.08919921339137], [-34.885581149991445, -8.089330479219441], [-34.88556541305322, -8.089462673824821], [-34.88555620374996, -8.089595478738397], [-34.88555354427426, -8.089728574020493]]]}}, {"type": "Feature", "properties": {"ponto_id": 22, "bairro": "Jordão", "trecho": "Avenida Maria Irene (Vários trechos)", "tipo": "Vários", "precisao": "Aproximado", "verificada": "não", "prior_emlurb": "Não", "grupo": "isolado", "lat": -8.140505, "lon": -34.927358, "raio_m": 300}, "geometry": {"type": "Polygon", "coordinates": [[[-34.92463626471904, -8.140517914369473], [-34.92464017865711, -8.140650975600742], [-34.924650640087336, -8.140783685183305], [-34.92466762381341, -8.140915723406179], [-34.92469108892596, -8.14104677217543], [-34.92472097890102, -8.141176515780598], [-34.92475722173623, -8.141304641655212], [-34.92479973012415, -8.14143084112988], [-34.92484840166262, -8.141554810175888], [-34.924903119101394, -8.141676250137682], [-34.92496375062454, -8.141794868452372], [-34.925030150168, -8.141910379354584], [-34.92510215777144, -8.142022504564938], [-34.92517959996358, -8.142130973960466], [-34.925262290180086, -8.1422355262254], [-34.92535002921302, -8.142335909480709], [-34.92544260569077, -8.142431881891008], [-34.92553979658722, -8.142523212247115], [-34.925641367759106, -8.142609680523119], [-34.92574707451004, -8.142691078406449], [-34.92585666218012, -8.142767209799814], [-34.92596986675934, -8.142837891293548], [-34.926086415523784, -8.142902952607534], [-34.92620602769257, -8.14296223700145], [-34.926328415104386, -8.14301560165239], [-34.926453282911694, -8.143062917998934], [-34.92658033029115, -8.143104072050853], [-34.926709251168354, -8.14313896466381], [-34.92683973495522, -8.143167511778145], [-34.92697146729836, -8.143189644621389], [-34.927104130836376, -8.143205309873983], [-34.92723740596452, -8.143214469797682], [-34.92737097160468, -8.143217102326506], [-34.92750450597897, -8.143213201119838], [-34.927637687385015, -8.143202775577741], [-34.92777019497094, -8.14318585081824], [-34.927901709508475, -8.143162467616836], [-34.928031914162, -8.143132682308215], [-34.92816049525191, -8.143096566650572], [-34.928287143010365, -8.143054207652629], [-34.92841155232755, -8.143005707364035], [-34.92853342348679, -8.142951182629524], [-34.928652462886596, -8.142890764807335], [-34.92876838374806, -8.142824599452744], [-34.92888090680567, -8.142752845967395], [-34.9289897609802, -8.142675677215252], [-34.92909468403172, -8.142593279106098], [-34.929195423191366, -8.142505850147616], [-34.92929173577029, -8.142413600967197], [-34.92938338974434, -8.142316753804433], [-34.92947016431294, -8.142215541975705], [-34.92955185043108, -8.142110209312058], [-34.92962825131286, -8.142001009571814], [-34.92969918290555, -8.141888205829169], [-34.92976447433293, -8.141772069840403], [-34.929823968306906, -8.14165288138921], [-34.92987752150643, -8.14153092761262], [-34.92992500492269, -8.141406502309277], [-34.92996630416983, -8.141279905231604], [-34.93000131976051, -8.141151441363697], [-34.93002996734546, -8.141021420186549], [-34.9300521779167, -8.140890154932533], [-34.93006789797362, -8.140757961830735], [-34.93007708965194, -8.1406251593452], [-34.930079730814704, -8.140492067407664], [-34.93007581510569, -8.14035900664688], [-34.93006535196457, -8.140226297616186], [-34.93004836660416, -8.140094260021238], [-34.930024899949565, -8.13996321194993], [-34.929995008539585, -8.139833469105993], [-34.92995876439042, -8.139705344048581], [-34.929916254822146, -8.139579145439203], [-34.929867582248285, -8.139455177298249], [-34.92981286392909, -8.139333738272553], [-34.92975223168893, -8.13921512091599], [-34.92968583159879, -8.139099610984697], [-34.92961382362427, -8.138987486748725], [-34.92953638124022, -8.138879018321635], [-34.929453691012824, -8.138774467009886], [-34.929365952150114, -8.138674084683322], [-34.929273376022074, -8.138578113168386], [-34.92917618565145, -8.13848678366563], [-34.929074615176454, -8.138400316192756], [-34.92896890928673, -8.138318919054596], [-34.928859322633926, -8.138242788341262], [-34.928746119218204, -8.13817210745588], [-34.92862957175232, -8.138107046672697], [-34.92850996100463, -8.13804776272693], [-34.92838757512277, -8.137994398437165], [-34.92826270893952, -8.137947082361352], [-34.92813566326261, -8.137905928487104], [-34.92800674415003, -8.137871035957051], [-34.92787626217287, -8.13784248883005], [-34.92774453166711, -8.137820355878702], [-34.92761186997642, -8.1378046904236], [-34.927478596687784, -8.137795530204931], [-34.92734503286159, -8.137792897291527], [-34.92721150025824, -8.137796798027711], [-34.927078320563076, -8.137807223017946], [-34.92694581461148, -8.137824147149521], [-34.926814301616005, -8.137847529652982], [-34.9266840983974, -8.137877314200365], [-34.92655551862145, -8.137913429040811], [-34.92642887204335, -8.137955787173462], [-34.92630446376155, -8.138004286557003], [-34.92618259348274, -8.13805881035542], [-34.92606355479994, -8.138119227219484], [-34.92594763448516, -8.138185391603146], [-34.925835111798634, -8.13825714411412], [-34.92572625781601, -8.138334311897824], [-34.92562133477538, -8.138416709053793], [-34.925520595445505, -8.13850413708353], [-34.92542428251686, -8.138596385368587], [-34.92533262801699, -8.138693231677996], [-34.92524585275151, -8.138794442703595], [-34.92516416577215, -8.138899774622075], [-34.9250877638731, -8.139008973682285], [-34.925016831116906, -8.139121776816582], [-34.92495153839098, -8.139237912274542], [-34.9248920429959, -8.139357100277586], [-34.92483848826642, -8.139479053692996], [-34.9247910032261, -8.139603478725611], [-34.924749702276415, -8.139730075625614], [-34.92471468492111, -8.139858539410618], [-34.92468603552645, -8.13998856060043], [-34.92466382311785, -8.140119825962554], [-34.924648101213585, -8.140252019266864], [-34.924638907695766, -8.140384822047363], [-34.92463626471904, -8.140517914369473]]]}}, {"type": "Feature", "properties": {"ponto_id": 24, "bairro": "Ipsep", "trecho": "Rua Blumenau (Até a maré)", "tipo": "Linha", "precisao": "Aproximado", "verificada": "não", "prior_emlurb": "Sim", "grupo": "isolado", "lat": -8.107611, "lon": -34.920256, "raio_m": 300}, "geometry": {"type": "Polygon", "coordinates": [[[-34.91753447491025, -8.107623815143755], [-34.917538383658496, -8.107756877265883], [-34.91754883940496, -8.10788958797612], [-34.91756581696698, -8.108021627560783], [-34.91758927545, -8.108152677922659], [-34.917619158346014, -8.108282423347466], [-34.9176553936697, -8.108410551264353], [-34.91769789413168, -8.10853675299902], [-34.917746557348885, -8.108660724517327], [-34.91780126609109, -8.108782167157775], [-34.917861888563294, -8.108900788351024], [-34.91792827872325, -8.109016302324802], [-34.91800027663321, -8.109128430792321], [-34.918077708845246, -8.10923690362279], [-34.918160388819054, -8.10934145949218], [-34.91824811737139, -8.109441846512789], [-34.918340683155876, -8.109537822840174], [-34.918437863172166, -8.109629157255732], [-34.91853942330321, -8.109715629723782], [-34.91864511887925, -8.10979703192167], [-34.91875469526728, -8.109873167741716], [-34.918867888484534, -8.109943853763605], [-34.91898442583445, -8.11000891969632], [-34.91910402656369, -8.110068208788418], [-34.919226402538484, -8.11012157820568], [-34.91935125893891, -8.110168899375212], [-34.91947829496911, -8.110210058295172], [-34.91960720458204, -8.110244955809497], [-34.919737677216816, -8.110273507846717], [-34.9198693985469, -8.110295645622505], [-34.92000205123747, -8.110311315805422], [-34.92013531570994, -8.110320480645344], [-34.9202688709119, -8.11032311806444], [-34.92040239509063, -8.110319221710302], [-34.92053556656834, -8.110308800971302], [-34.92066806451711, -8.110291880953882], [-34.920799569731905, -8.11026850242212], [-34.92092976539958, -8.110238721699439], [-34.92105833786222, -8.110202610532966], [-34.921184977372775, -8.110160255920599], [-34.921309378841315, -8.110111759901411], [-34.9214312425701, -8.110057239309832], [-34.921550274975544, -8.109996825494115], [-34.92166618929559, -8.109930663999865], [-34.92177870628053, -8.109858914219414], [-34.92188755486574, -8.109781749007777], [-34.921992472824776, -8.10969935426621], [-34.92209320740103, -8.109611928494258], [-34.92218951591671, -8.109519682311628], [-34.92228116635742, -8.109422837950673], [-34.92236793793112, -8.10932162872101], [-34.92244962159999, -8.109216298447414], [-34.922526020584016, -8.109107100882435], [-34.922596950835015, -8.108994299095025], [-34.92266224148, -8.108878164836737], [-34.922721735232734, -8.108758977887092], [-34.922775288772705, -8.108637025379496], [-34.92282277309022, -8.108512601109526], [-34.92286407379724, -8.108386004827116], [-34.92289909140289, -8.108257541514442], [-34.922927741553025, -8.10812752065116], [-34.922949955233435, -8.107996255468878], [-34.92296567893603, -8.107864062196516], [-34.92297487478766, -8.107731259298543], [-34.92297752064135, -8.107598166707675], [-34.922973610129525, -8.10746510505425], [-34.9229631526793, -8.107332394893763], [-34.92294617348976, -8.107200355934605], [-34.92292271347113, -8.107069306267958], [-34.92289282914619, -8.10693956160141], [-34.92285659251405, -8.106811434498516], [-34.92281409087666, -8.106685233625724], [-34.92276542662844, -8.106561263008887], [-34.922710717009515, -8.106439821300816], [-34.922650093823336, -8.106321201061865], [-34.92258370311904, -8.106205688055132], [-34.9225117048396, -8.106093560558081], [-34.922434272436526, -8.105985088692156], [-34.92235159245194, -8.105880533772103], [-34.922263864069194, -8.105780147676477], [-34.92217129863304, -8.105684172240812], [-34.92207411914046, -8.105592838675127], [-34.92197255970347, -8.105506367006916], [-34.921866864985134, -8.105424965551133], [-34.921757289610206, -8.105348830408303], [-34.92164409755169, -8.105278144992228], [-34.92152756149499, -8.105213079588086], [-34.921407962181, -8.105153790942232], [-34.921285587729834, -8.105100421884586], [-34.92116073294677, -8.105053100984579], [-34.92103369861208, -8.105011942241457], [-34.92090479075647, -8.104977044809585], [-34.920774319923915, -8.104948492759625], [-34.92064260042358, -8.104926354876046], [-34.92050994957267, -8.104910684491307], [-34.920376686932066, -8.104901519357487], [-34.92024313353653, -8.104898881555247], [-34.92010961112137, -8.104902777440675], [-34.919976441347416, -8.104913197629923], [-34.919843945026166, -8.10493011702184], [-34.91971244134699, -8.104953494858375], [-34.919582247108224, -8.104983274822798], [-34.919453675954045, -8.105019385175284], [-34.9193270376189, -8.10506173892577], [-34.91920263718138, -8.10511023404349], [-34.91908077432932, -8.105164753702692], [-34.91896174263784, -8.105225166564106], [-34.91884582886213, -8.105291327091313], [-34.91873331224667, -8.1053630759013], [-34.918624463852495, -8.105440240148388], [-34.918519545904246, -8.105522633940621], [-34.9184188111584, -8.10561005878759], [-34.91832250229439, -8.105702304078497], [-34.918230851329966, -8.105799147589583], [-34.91814407906222, -8.105900356019403], [-34.918062394535646, -8.1060056855509], [-34.91798599453851, -8.106114882438657], [-34.917915063128774, -8.106227683620256], [-34.91784977119058, -8.106343817349968], [-34.91779027602259, -8.10646300385337], [-34.91773672095899, -8.10658495600135], [-34.91768923502412, -8.106709380001794], [-34.917647932621584, -8.106835976107366], [-34.917612913258615, -8.106964439337588], [-34.91758426130627, -8.10709446021361], [-34.91756204579611, -8.107225725503683], [-34.917546320253855, -8.107357918977863], [-34.91753712257035, -8.10749072216974], [-34.91753447491025, -8.107623815143755]]]}}, {"type": "Feature", "properties": {"ponto_id": 25, "bairro": "Ipsep", "trecho": "Rua Raimundo Diniz (Vários trechos)", "tipo": "Vários", "precisao": "Aproximado", "verificada": "não", "prior_emlurb": "Não", "grupo": "isolado", "lat": -8.114288, "lon": -34.921465, "raio_m": 300}, "geometry": {"type": "Polygon", "coordinates": [[[-34.91874343194317, -8.114300833700483], [-34.91874734166713, -8.114433895662142], [-34.918757798490475, -8.114566606167605], [-34.91877477722797, -8.114698645503681], [-34.91879823698223, -8.114829695573766], [-34.91882812124219, -8.114959440664261], [-34.91886435801923, -8.115087568205134], [-34.9189068600205, -8.115213769522983], [-34.918955524859214, -8.115337740584668], [-34.91901023530124, -8.115459182729785], [-34.91907085954751, -8.115577803390195], [-34.91913725155147, -8.115693316794896], [-34.91920925137095, -8.11580544465847], [-34.919286685553416, -8.115913916851586], [-34.919369367553834, -8.116018472051739], [-34.91945709818406, -8.116118858372841], [-34.91954966609271, -8.116214833972133], [-34.91964684827434, -8.116306167632755], [-34.91974841060666, -8.116392639320852], [-34.91985410841461, -8.11647404071564], [-34.91996368705982, -8.11655017571138], [-34.92007688255408, -8.11662086088973], [-34.920193422195325, -8.116685925961706], [-34.920313025224694, -8.116745214177943], [-34.920435403502886, -8.116798582706327], [-34.92056026220442, -8.116845902976097], [-34.92068730052789, -8.116887060987583], [-34.92081621242072, -8.116921957586916], [-34.92094668731651, -8.116950508704827], [-34.9210784108833, -8.116972645559194], [-34.92121106578087, -8.116988314820807], [-34.9213443324253, -8.116997478741757], [-34.92147788975893, -8.117000115246435], [-34.921611416023936, -8.116996217984632], [-34.92174458953747, -8.116985796346906], [-34.92187708946671, -8.11696887544187], [-34.92200859660183, -8.116945496035735], [-34.922138794125075, -8.116915714454032], [-34.92226736837405, -8.11687960244597], [-34.92239400959738, -8.116837247011471], [-34.92251841270104, -8.11678875019159], [-34.9226402779833, -8.116734228822692], [-34.92275931185688, -8.116673814254892], [-34.922875227556155, -8.116607652035626], [-34.92298774582808, -8.116535901558967], [-34.92309659560496, -8.116458735681615], [-34.923201514657464, -8.116376340306424], [-34.92330225022635, -8.116288913934481], [-34.92339855963143, -8.116196667186932], [-34.92349021085618, -8.116099822297489], [-34.923576983106656, -8.115998612577057], [-34.92365866734342, -8.115893281851589], [-34.92373506678509, -8.11578408387473], [-34.92380599738239, -8.115671281716416], [-34.92387128826148, -8.115555147129111], [-34.9239307821356, -8.115435959893116], [-34.92398433568391, -8.115314007142533], [-34.92403181989672, -8.115189582673535], [-34.92407312038626, -8.115062986236524], [-34.92410813766216, -8.114934522814057], [-34.92413678737109, -8.114804501886043], [-34.9241590004999, -8.114673236684265], [-34.92417472354184, -8.11454104343768], [-34.92418391862537, -8.114408240610683], [-34.92418656360534, -8.114275148135837], [-34.92418265211629, -8.114142086643193], [-34.92417219358774, -8.114009376687857], [-34.924155213221326, -8.113877337977726], [-34.92413175193013, -8.113746288603373], [-34.92410186624001, -8.113616544271695], [-34.92406562815337, -8.11348841754542], [-34.924023124975655, -8.113362217090103], [-34.923974459105, -8.113238246930576], [-34.92391974778545, -8.113116805718557], [-34.92385912282456, -8.112998186013197], [-34.92379273027574, -8.112882673576298], [-34.92372073008641, -8.112770546683963], [-34.92364329571267, -8.112662075456166], [-34.923560613701405, -8.112557521206115], [-34.92347288324085, -8.112457135810754], [-34.923380315680745, -8.112361161103923], [-34.923283134023215, -8.11226982829388], [-34.92318157238546, -8.112183357406296], [-34.92307587543588, -8.112101956754247], [-34.922966297804564, -8.112025822436317], [-34.92285310346997, -8.111955137864316], [-34.92273656512298, -8.111890073321398], [-34.92261696351, -8.111830785551824], [-34.922494586756684, -8.111777417383406], [-34.92236972967384, -8.111730097383445], [-34.922242693047274, -8.111688939549005], [-34.92211378291323, -8.111654043032262], [-34.921983309821144, -8.111625491901679], [-34.92185158808563, -8.111603354939499], [-34.92171893502927, -8.111587685475977], [-34.921585670218256, -8.111578521260961], [-34.92145211469256, -8.111575884372899], [-34.921318590192634, -8.111579781165688], [-34.92118541838432, -8.111590202253282], [-34.921052920083994, -8.111607122532376], [-34.92092141448582, -8.111630501242779], [-34.92079121839272, -8.111660282065664], [-34.92066264545336, -8.111696393259129], [-34.92053600540646, -8.1117387478311], [-34.92041160333476, -8.111787243748822], [-34.92028973893001, -8.111841764184627], [-34.920170705771056, -8.111902177797372], [-34.920054790616646, -8.111968339048834], [-34.91994227271456, -8.112040088554254], [-34.91983342312895, -8.112117253466286], [-34.9197285040873, -8.11219964789137], [-34.91962776834875, -8.112287073337574], [-34.91953145859511, -8.11237931919267], [-34.91943980684628, -8.112476163231527], [-34.91935303390123, -8.112577372151442], [-34.9192713488061, -8.112682702134173], [-34.91919494835053, -8.11279189943323], [-34.919124016593564, -8.112904700985187], [-34.91905872442021, -8.113020835043443], [-34.91899922912971, -8.113140021832773], [-34.91894567405652, -8.113261974223384], [-34.91889818822503, -8.113386398422577], [-34.91885688603858, -8.113512994682539], [-34.918821867003906, -8.113641458022421], [-34.91879321549126, -8.113771478963105], [-34.918771000531166, -8.113902744272695], [-34.918755275648024, -8.114034937721192], [-34.91874607873109, -8.114167740842252], [-34.91874343194317, -8.114300833700483]]]}}, {"type": "Feature", "properties": {"ponto_id": 26, "bairro": "Boa Viagem", "trecho": "Avenida Boa Viagem (Antes da Rua Baltazar Passos)", "tipo": "Ponto", "precisao": "Interseção", "verificada": "não", "prior_emlurb": "Não", "grupo": "isolado", "lat": -8.145055, "lon": -34.905114, "raio_m": 300}, "geometry": {"type": "Polygon", "coordinates": [[[-34.90239219843857, -8.145067772354752], [-34.90239610547026, -8.145200835464642], [-34.902406560170256, -8.145333547263457], [-34.902423537358445, -8.145465588034892], [-34.902446996141215, -8.145596639678896], [-34.90247688000988, -8.145726386478094], [-34.90251311697677, -8.145854515858334], [-34.90255561974863, -8.145980719141797], [-34.90260428593683, -8.1461046922906], [-34.90265899830401, -8.146226136639324], [-34.9027196250465, -8.146344759614518], [-34.90278602011176, -8.146460275439594], [-34.90285802355027, -8.146572405823306], [-34.902935461900796, -8.146680880630246], [-34.90301814860828, -8.1467854385316], [-34.903105884473256, -8.14688582763477], [-34.90319845813176, -8.146981806090281], [-34.903295646564494, -8.14707314267438], [-34.90339721563413, -8.147159617346158], [-34.90350292064939, -8.147241021777631], [-34.903612506954524, -8.147317159855717], [-34.90372571054289, -8.147387848154652], [-34.90384225869293, -8.147452916377901], [-34.90396187062528, -8.1475122077685], [-34.90408425817918, -8.147565579486669], [-34.90420912650679, -8.147612902953936], [-34.90433617478351, -8.147654064162925], [-34.904465096932775, -8.147688963952028], [-34.90459558236347, -8.147717518244288], [-34.90472731671822, -8.147739658249915], [-34.9048599826308, -8.14775533063209], [-34.90499326049074, -8.147764497635373], [-34.90512682921334, -8.14776713717671], [-34.9052603670133, -8.147763242898566], [-34.90539355217996, -8.1477528241843], [-34.9055260638524, -8.147735906135468], [-34.905657582792486, -8.147712529511393], [-34.905787792153994, -8.147682750630898], [-34.905916378245955, -8.147646641236669], [-34.90604303128847, -8.147604288322336], [-34.90616744615899, -8.147555793922873], [-34.906289323127424, -8.147501274868812], [-34.90640836857828, -8.147440862504702], [-34.906524295718064, -8.147374702372664], [-34.90663682526612, -8.147302953861747], [-34.906745686127564, -8.14722578982392], [-34.90685061604634, -8.14714339615762], [-34.90695136223702, -8.147055971359814], [-34.907047681993795, -8.146963726047868], [-34.907139343275205, -8.146866882452063], [-34.90722612526306, -8.146765673880186], [-34.907307818894445, -8.146660344155437], [-34.90738422736536, -8.146551147029063], [-34.90745516660476, -8.146438345568985], [-34.907520465717994, -8.146322211525977], [-34.90757996739845, -8.146203024679064], [-34.90763352830649, -8.146081072161424], [-34.90768101941472, -8.14595664776868], [-34.90772232631875, -8.145830051251076], [-34.90775734951278, -8.145701587591374], [-34.90778600462923, -8.145571566270084], [-34.907808222641954, -8.145440300519937], [-34.90782395003244, -8.145308106571232], [-34.9078331489187, -8.145175302890083], [-34.90783579714644, -8.145042209411118], [-34.90783188834243, -8.14490914676682], [-34.9078214319297, -8.144776435515078], [-34.907804453104845, -8.144644395366923], [-34.90778099277727, -8.144513344416414], [-34.90775110747052, -8.144383598374239], [-34.907714869186094, -8.144255469807261], [-34.90767236522998, -8.14412926738547], [-34.90762369800218, -8.144005295138443], [-34.90756898475008, -8.143883851722926], [-34.90750835728587, -8.143765229703373], [-34.907441961669036, -8.143649714847175], [-34.907369957854414, -8.143537585436242], [-34.907292519306864, -8.143429111596618], [-34.90720983258333, -8.143324554647796], [-34.907122096883434, -8.143224166473205], [-34.90702952356956, -8.143128188913376], [-34.906932335657686, -8.143036853183435], [-34.90683076728012, -8.142950379316071], [-34.90672506312147, -8.142868975631513], [-34.906615477829234, -8.14279283823565], [-34.90650227540032, -8.142722150547685], [-34.906385728545104, -8.142657082858259], [-34.90626611803048, -8.142597791919197], [-34.906143732003564, -8.142544420565937], [-34.90601886529748, -8.142497097373429], [-34.90589181872121, -8.142455936346407], [-34.90576289833495, -8.142421036644722], [-34.90563241471284, -8.142392482344496], [-34.90550068219482, -8.142370342235589], [-34.905368018129444, -8.142354669655823], [-34.9052347421094, -8.142345502362534], [-34.90510117520164, -8.142342862441566], [-34.904967639174004, -8.14234675625412], [-34.90483445572008, -8.14235717442132], [-34.90470194568429, -8.142374091846866], [-34.90457042828902, -8.14239746777745], [-34.90444022036561, -8.142427245900924], [-34.90431163559116, -8.14246335448189], [-34.904184983732904, -8.14250570653455], [-34.904060569901986, -8.142554200032231], [-34.903938693818475, -8.14260871815309], [-34.903819649089336, -8.142669129561556], [-34.90370372250113, -8.14273528872472], [-34.903591193329184, -8.14280703626286], [-34.903482332664765, -8.14288419933337], [-34.90337740276205, -8.142966592047138], [-34.90327665640628, -8.143054015916364], [-34.903180336304864, -8.143146260332625], [-34.903088674502605, -8.143243103074271], [-34.90300189182268, -8.143344310841737], [-34.90292019733468, -8.143449639819574], [-34.90284378785086, -8.143558836263718], [-34.90277284745201, -8.143671637112833], [-34.90270754704397, -8.143787770622014], [-34.90264804394578, -8.14390695701739], [-34.90259448151076, -8.144028909170123], [-34.902546988781, -8.14415333328811], [-34.90250568017652, -8.144279929623744], [-34.90247065521948, -8.144408393196027], [-34.90244199829445, -8.144538414525286], [-34.902419778444994, -8.144669680378708], [-34.902404049207306, -8.144801874525005], [-34.902394848481165, -8.144934678496158], [-34.90239219843857, -8.145067772354752]]]}}, {"type": "Feature", "properties": {"ponto_id": 33, "bairro": "Ibura", "trecho": "Avenida Dois Rios (Interseção da Avenida Dois Rios com a Rua Rio Pajeú até a Rua Ecoporanga / interseção da Avenida Dois Rios com a Rua Rio Prado)", "tipo": "Linha", "precisao": "Interseção", "verificada": "não", "prior_emlurb": "Sim", "grupo": "G4", "lat": -8.113526, "lon": -34.939007, "raio_m": 300}, "geometry": {"type": "Polygon", "coordinates": [[[-34.93628546531316, -8.113538949697695], [-34.93628938070738, -8.113672010144507], [-34.93629984310708, -8.113804718859313], [-34.93631682731359, -8.113936756133215], [-34.93634029241633, -8.114067803874562], [-34.93637018189137, -8.114197546375358], [-34.936406423737495, -8.114325671071791], [-34.936448930649654, -8.114451869297303], [-34.93649760022921, -8.114575837026193], [-34.9365523152306, -8.114697275606078], [-34.936612943843755, -8.114815892477393], [-34.93667934001161, -8.11493140187826], [-34.936751343781935, -8.115043525532904], [-34.93682878169266, -8.115151993322122], [-34.93691146718977, -8.115256543934013], [-34.936999201076674, -8.115356925493542], [-34.93709177199414, -8.115452896169419], [-34.93718895692943, -8.115544224756649], [-34.93729052175364, -8.115630691233594], [-34.93739622178568, -8.115712087292033], [-34.93750580238181, -8.115788216839078], [-34.93761899954909, -8.115858896469529], [-34.93773554058144, -8.115923955907766], [-34.93785514471662, -8.115983238418004], [-34.93797752381266, -8.116036601181888], [-34.93810238304209, -8.116083915642555], [-34.93822942160222, -8.116125067814341], [-34.938358333439915, -8.116159958557445], [-34.9384888079889, -8.116188503816732], [-34.93862053091803, -8.116210634824203], [-34.93875318488862, -8.116226298264746], [-34.938886450318975, -8.116235456404489], [-34.93902000615438, -8.116238087181761], [-34.9391535306406, -8.116234184260172], [-34.93928670209908, -8.116223757043924], [-34.93941919970196, -8.116206830655083], [-34.939550704245015, -8.116183445873093], [-34.93968089891674, -8.116153659036438], [-34.93980947006162, -8.116117541907], [-34.939936107935765, -8.116075181497058], [-34.940060507453225, -8.116026679859655], [-34.94018236892092, -8.115972153842778], [-34.94030139876077, -8.115911734807753], [-34.94041731021688, -8.115845568312778], [-34.94052982404646, -8.115773813762232], [-34.9406386691925, -8.115696644022641], [-34.94074358343684, -8.115614245006167], [-34.940844314031864, -8.115526815222664], [-34.94094061830936, -8.115434565301506], [-34.94103226426517, -8.115337717484055], [-34.94111903111806, -8.115236505088262], [-34.94120070984162, -8.11513117194652], [-34.94127710366775, -8.115021971818294], [-34.94134802856072, -8.114909167778702], [-34.941413313660455, -8.114793031584727], [-34.94147280169411, -8.114673843020537], [-34.94152634935494, -8.114551889223428], [-34.94157382764745, -8.114427463992072], [-34.94161512219814, -8.114300867078711], [-34.941650133530935, -8.11417240346703], [-34.941678777306855, -8.114042382637388], [-34.941700984527046, -8.113911117821306], [-34.94171670169898, -8.113778925246809], [-34.941725890965266, -8.113646123376663], [-34.94172853019479, -8.113513032141102], [-34.94172461303593, -8.113379972167179], [-34.941714148931844, -8.113247264006331], [-34.94169716309763, -8.113115227362112], [-34.94167369645952, -8.112984180320112], [-34.941643805556254, -8.112854438581591], [-34.94160756240277, -8.112726314703018], [-34.94156505431675, -8.112600117343076], [-34.9415163837081, -8.112476150519136], [-34.94146166783231, -8.11235471287486], [-34.94140103850787, -8.1122360969608], [-34.9413346417987, -8.112120588529617], [-34.94126263766223, -8.112008465847753], [-34.94118519956405, -8.11189999902504], [-34.94110251406001, -8.111795449364061], [-34.94101478034675, -8.111695068730704], [-34.94092220978183, -8.111599098947337], [-34.940825025374586, -8.111507771210363], [-34.94072346124885, -8.111421305533225], [-34.94061776207898, -8.111339910216447], [-34.940508182500416, -8.11126378134577], [-34.94039498649628, -8.111193102319884], [-34.940278446761475, -8.111128043408586], [-34.94015884404573, -8.111068761342578], [-34.94003646647735, -8.111015398935951], [-34.939911608869096, -8.110968084742117], [-34.93978457200804, -8.110926932744176], [-34.93965566193095, -8.11089204208025], [-34.939525189187165, -8.110863496804718], [-34.93939346809042, -8.110841365685728], [-34.939260815961774, -8.11082570203947], [-34.939127552365164, -8.110816543601794], [-34.938993998337644, -8.110813912437244], [-34.93886047561606, -8.110817814885941], [-34.93872730586196, -8.110828241548234], [-34.938594809886794, -8.11084516730739], [-34.93846330687911, -8.11086855139004], [-34.938333113635615, -8.110898337464416], [-34.93820454379809, -8.110934453775991], [-34.93807790709781, -8.110976813320363], [-34.93795350860945, -8.111025314052819], [-34.93783164801615, -8.111079839134087], [-34.93771261888759, -8.111140257211858], [-34.93759670797279, -8.111206422737146], [-34.93748419450936, -8.111278176314915], [-34.937375349550756, -8.11135534508801], [-34.93727043531335, -8.11143774315356], [-34.93716970454469, -8.111525172010891], [-34.93707339991465, -8.111617421039536], [-34.93698175343079, -8.111714268006736], [-34.93689498587942, -8.11181547960272], [-34.93681330629369, -8.111920812002802], [-34.936736911450005, -8.11203001145466], [-34.93666598539388, -8.112142814889685], [-34.93660069899661, -8.112258950556729], [-34.93654120954351, -8.11237813867668], [-34.93648766035503, -8.112500092116536], [-34.93644018044134, -8.112624517081056], [-34.93639888419158, -8.112751113820574], [-34.93636387109817, -8.112879577353075], [-34.93633522551706, -8.113009598198966], [-34.93631301646448, -8.113140863126565], [-34.93629729745061, -8.113273055906777], [-34.936288106350574, -8.113405858074854], [-34.93628546531316, -8.113538949697695]]]}}, {"type": "Feature", "properties": {"ponto_id": 34, "bairro": "Ibura", "trecho": "Avenida Dom Helder Câmara (Interseção da Avenida Dom Helder Câmara com a Rua Achiles Amorim)", "tipo": "Ponto", "precisao": "Interseção", "verificada": "não", "prior_emlurb": "Sim", "grupo": "G5", "lat": -8.107493, "lon": -34.929853, "raio_m": 300}, "geometry": {"type": "Polygon", "coordinates": [[[-34.927131491113386, -8.107505879026641], [-34.927135402987446, -8.10763894031959], [-34.92714586181323, -8.107771650048742], [-34.92716284240066, -8.107903688502757], [-34.9271863038479, -8.108034737587154], [-34.92721618963979, -8.108164481590705], [-34.927252427784026, -8.108292607945993], [-34.92729493098446, -8.108418807982467], [-34.92734359685138, -8.108542777670063], [-34.927398308148184, -8.108664218351697], [-34.92745893307374, -8.108782837462742], [-34.92752532557984, -8.108898349235934], [-34.92759732572311, -8.109010475389782], [-34.92767476005021, -8.109118945799073], [-34.92775744201575, -8.109223499145601], [-34.92784517243169, -8.109323883547743], [-34.927937739947126, -8.109419857167365], [-34.928034921557554, -8.10951118879238], [-34.92813648314206, -8.109597658393836], [-34.9282421800274, -8.109679057655988], [-34.92835175757738, -8.109755190478229], [-34.92846495180645, -8.109825873447463], [-34.928581490015596, -8.109890936280035], [-34.92870109144939, -8.109950222231978], [-34.92882346797238, -8.110003588476639], [-34.928948324763304, -8.110050906448768], [-34.92907536102537, -8.110092062154239], [-34.929204270710954, -8.110126956444734], [-34.92933474325899, -8.11015550525656], [-34.92946646434318, -8.110177639813168], [-34.92959911662926, -8.110193306790876], [-34.929732380539626, -8.110202468447293], [-34.929865935023216, -8.110205102712264], [-34.92999945832906, -8.11020120324099], [-34.93013262878144, -8.110190779429356], [-34.93026512555494, -8.110173856391219], [-34.93039662944734, -8.110150474897932], [-34.93052682364869, -8.110120691280065], [-34.9306553945046, -8.110084577291735], [-34.93078203227191, -8.110042219937633], [-34.930906431864884, -8.109993721263445], [-34.93102829359031, -8.109939198110009], [-34.93114732386944, -8.10987878183175], [-34.93126323594533, -8.109812617980213], [-34.93137575057369, -8.109740865953405], [-34.931484596695604, -8.109663698611763], [-34.93158951209055, -8.109581301861677], [-34.93169024400809, -8.10949387420753], [-34.93178654977687, -8.109401626273566], [-34.93187819738911, -8.10930478029635], [-34.93196496605959, -8.109203569589408], [-34.93204664675749, -8.109098237981055], [-34.932123042709975, -8.108989039227064], [-34.93219396987617, -8.108876236399247], [-34.93225925739049, -8.108760101251663], [-34.93231874797431, -8.108640913565969], [-34.9323722983147, -8.108518960477333], [-34.932419779409706, -8.10839453578274], [-34.93246107687907, -8.10826793923313], [-34.9324960912397, -8.108139475811322], [-34.93252473814528, -8.108009454997223], [-34.932546948589426, -8.107878190022323], [-34.93256266907183, -8.107745997115032], [-34.932571861727126, -8.10761319473892], [-34.93257450441601, -8.107480102825459], [-34.932570590778546, -8.107347042003338], [-34.93256013024939, -8.107214332826041], [-34.93254314803503, -8.10708229499958], [-34.93251968505298, -8.106951246612404], [-34.93248979783315, -8.106821503369016], [-34.93245355838164, -8.106693377829524], [-34.93241105400716, -8.106567178656613], [-34.93236238711072, -8.106443209872031], [-34.932307674938855, -8.10632177012417], [-34.93224704930113, -8.106203151968662], [-34.932180656252584, -8.10608764116357], [-34.93210865574184, -8.10597551598106], [-34.93203122122576, -8.10586704653699], [-34.93194853925157, -8.105762494140276], [-34.931860809007404, -8.105662110663388], [-34.93176824184247, -8.105566137935547], [-34.93167106075793, -8.105474807160256], [-34.93156949986961, -8.105388338358283], [-34.93146380384408, -8.105306939837678], [-34.93135422730923, -8.105230807691902], [-34.931241034240834, -8.10516012532753], [-34.93112449732674, -8.105095063022402], [-34.9310048973099, -8.1050357775154], [-34.93088252231211, -8.104982411628896], [-34.930757667139964, -8.104935093924688], [-34.93063063257465, -8.10489393839432], [-34.93050172464744, -8.104859044184426], [-34.93037125390249, -8.104830495357922], [-34.93023953464873, -8.104808360691504], [-34.93010688420277, -8.1047926935099], [-34.92997362212453, -8.104783531557475], [-34.929840069447394, -8.104780896907227], [-34.929706547904956, -8.104784795907674], [-34.92957337915593, -8.104795219167457], [-34.92944088400937, -8.10481214157804], [-34.92930938165179, -8.104835522374106], [-34.929179188878365, -8.104865305231808], [-34.929050619329736, -8.104901418404351], [-34.928923982736485, -8.104943774894886], [-34.92879958417302, -8.104992272666058], [-34.928677723322664, -8.105046794885716], [-34.92855869375571, -8.105107210208441], [-34.92844278222225, -8.10517337309188], [-34.92833026796136, -8.105245124147352], [-34.92822142202842, -8.105322290523768], [-34.928116506642134, -8.105404686324043], [-34.928015774552826, -8.105492113052938], [-34.927919468433544, -8.105584360095119], [-34.92782782029542, -8.10568120522261], [-34.927741050928745, -8.10578241513007], [-34.927659369371035, -8.105887745996876], [-34.92758297240342, -8.105996944074404], [-34.92751204407656, -8.106109746297358], [-34.92744675526717, -8.106225880917496], [-34.92738726326641, -8.10634506815825], [-34.92733371140081, -8.106467020888728], [-34.92728622868703, -8.106591445315402], [-34.92724492952092, -8.106718041689906], [-34.92720991340191, -8.106846505031113], [-34.92718126469324, -8.10697652585989], [-34.92715905241868, -8.107107790944601], [-34.92714333009615, -8.10723998405579], [-34.92713413560874, -8.107372786727906], [-34.927131491113386, -8.107505879026641]]]}}, {"type": "Feature", "properties": {"ponto_id": 35, "bairro": "Ibura", "trecho": "Avenida Dois Rios (Próximo ao SESI)", "tipo": "Ponto", "precisao": "Aproximado", "verificada": "não", "prior_emlurb": "Sim", "grupo": "G4", "lat": -8.110391, "lon": -34.93687, "raio_m": 300}, "geometry": {"type": "Polygon", "coordinates": [[[-34.934148482944764, -8.11040393045834], [-34.93415239736557, -8.110536991117531], [-34.9341628587517, -8.110669700090552], [-34.93417984190692, -8.110801737667874], [-34.9342033059232, -8.110932785757125], [-34.9342331942792, -8.111062528649471], [-34.93426943497642, -8.111190653780161], [-34.934311940712576, -8.111316852481593], [-34.93436060909185, -8.111440820726916], [-34.93441532287158, -8.111562259862511], [-34.934475950244625, -8.111680877327471], [-34.93454234515692, -8.111796387358496], [-34.93461434765926, -8.111908511678285], [-34.93469178429264, -8.112016980166043], [-34.9347744685061, -8.11212153150819], [-34.93486220110615, -8.11222191382793], [-34.93495477073667, -8.112317885292136], [-34.93505195438802, -8.112409214693924], [-34.93515351793438, -8.112495682009694], [-34.93525921669776, -8.112577078929199], [-34.93536879603746, -8.112653209357484], [-34.93548199196358, -8.11272388988722], [-34.935598531773024, -8.112788950240633], [-34.93571813470651, -8.112848233679722], [-34.93584051262497, -8.1129015973839], [-34.935965370703755, -8.112948912794032], [-34.936092408142976, -8.11299006592217], [-34.93622131889218, -8.11302495762621], [-34.93635179238771, -8.113053503848699], [-34.936483514300996, -8.11307563581932], [-34.936616167295774, -8.113091300220631], [-34.93674943179273, -8.113100459316456], [-34.93688298673936, -8.113103091042817], [-34.937016510383614, -8.113099189061021], [-34.93714968104894, -8.113088762773023], [-34.9372821779094, -8.113071837298644], [-34.93741368176256, -8.113048453415114], [-34.93754387579859, -8.113018667458768], [-34.93767244636348, -8.11298255118935], [-34.93779908371477, -8.11294019161707], [-34.93792348276774, -8.11289169079296], [-34.93804534383046, -8.112837165563029], [-34.93816437332581, -8.112776747286714], [-34.93828028449873, -8.112710581520384], [-34.938392798107095, -8.112638827666665], [-34.938501643094455, -8.112561658590387], [-34.93860655724301, -8.11247926020213], [-34.938707287805386, -8.112391831010223], [-34.938803592113445, -8.112299581642615], [-34.93889523816294, -8.112202734339334], [-34.93898200517244, -8.11210152241709], [-34.93906368411512, -8.111996189707135], [-34.93914007822237, -8.111886989967893], [-34.93921100345779, -8.111774186273546], [-34.93927628896046, -8.11165805038024], [-34.939335777456556, -8.111538862071429], [-34.939389325638224, -8.111416908483777], [-34.93943680450872, -8.111292483415468], [-34.93947809969314, -8.111165886618345], [-34.939513111713886, -8.11103742307581], [-34.93954175623031, -8.110907402268063], [-34.93956396424177, -8.110776137426571], [-34.939579682253836, -8.11064394477942], [-34.939588872407086, -8.110511142789553], [-34.93959151256826, -8.11037805138749], [-34.939587596383504, -8.110244991200693], [-34.93957713329362, -8.110112282781113], [-34.93956014851125, -8.109980245832928], [-34.939536682960096, -8.10984919844246], [-34.93950679317629, -8.109719456311813], [-34.939470551172064, -8.109591331998406], [-34.939428044262314, -8.109465134161963], [-34.93937937485414, -8.109341166821006], [-34.93932466020012, -8.109219728620454], [-34.9392640321158, -8.109101112112194], [-34.939197636662115, -8.108985603050323], [-34.93912563379349, -8.108873479702803], [-34.939048196972436, -8.10876501218107], [-34.93896551275173, -8.108660461789398], [-34.93887778032493, -8.108560080395433], [-34.93878521104649, -8.108464109823377], [-34.93868802792266, -8.108372781271534], [-34.938586465074174, -8.10828631475531], [-34.93848076717231, -8.108204918577254], [-34.938371188849466, -8.108128788825184], [-34.938257994085745, -8.108058108899911], [-34.938141455573046, -8.107993049073395], [-34.93802185405818, -8.107933766078556], [-34.93789947766654, -8.107880402731707], [-34.93777462120807, -8.107833087588535], [-34.93764758546706, -8.107791934634426], [-34.93751867647761, -8.1077570430098], [-34.93738820478641, -8.107728496771355], [-34.93725648470469, -8.10770636468955], [-34.937123833551034, -8.107690700082902], [-34.93699057088707, -8.107681540689567], [-34.93685701774759, -8.107678908576395], [-34.9367234958673, -8.107682810085786], [-34.93659032690573, -8.10769323582035], [-34.93645783167242, -8.107710160665592], [-34.936326329354124, -8.107733543850337], [-34.93619613674591, -8.107763329044984], [-34.93606756748802, -8.107799444497118], [-34.935940931310334, -8.107841803204407], [-34.935816533286264, -8.107890303124153], [-34.935694673097835, -8.107944827419045], [-34.93557564431375, -8.108005244738651], [-34.93545973368222, -8.108071409535833], [-34.93534722044015, -8.108143162417283], [-34.93523837564046, -8.108220330527535], [-34.93513346149915, -8.108302727965315], [-34.935032730763524, -8.108390156231449], [-34.93493642610339, -8.108482404706907], [-34.934844779526365, -8.108579251160243], [-34.934758011819, -8.108680462282942], [-34.9346763320148, -8.108785794251444], [-34.93459993689069, -8.108894993314475], [-34.934529010492874, -8.109007796404356], [-34.93446372369347, -8.10912393177077], [-34.93440423377874, -8.109243119635332], [-34.93435068407025, -8.10936507286565], [-34.93430320357944, -8.109489497667], [-34.93426190669682, -8.109616094290095], [-34.93422689291631, -8.109744557753212], [-34.93419824659555, -8.109874578576921], [-34.93417603675253, -8.110005843529596], [-34.93416031689934, -8.11013803638208], [-34.93415112491311, -8.110270838669459], [-34.934148482944764, -8.11040393045834]]]}}, {"type": "Feature", "properties": {"ponto_id": 36, "bairro": "Imbiribeira", "trecho": "Avenida Mascarenhas de Moraes (Trecho da Ferreira Costa)", "tipo": "Ponto", "precisao": "Aproximado", "verificada": "não", "prior_emlurb": "Sim", "grupo": "G3", "lat": -8.111915, "lon": -34.912386, "raio_m": 300}, "geometry": {"type": "Polygon", "coordinates": [[[-34.90966443338969, -8.111927769330878], [-34.90966833993877, -8.112060832094867], [-34.90967879359131, -8.112193543555803], [-34.90969576916973, -8.112325583998196], [-34.909719225784244, -8.112456635322784], [-34.90974910693136, -8.112586381812962], [-34.90978534062995, -8.11271451089532], [-34.9098278395946, -8.112840713892759], [-34.90987650144582, -8.112964686768096], [-34.909931208956706, -8.113086130856566], [-34.909991830335215, -8.113204753585347], [-34.910058219541746, -8.113320269178462], [-34.910130216640866, -8.113432399345234], [-34.910207648186585, -8.113540873950775], [-34.91029032764023, -8.11364543166678], [-34.91037805581981, -8.113745820601094], [-34.91047062137986, -8.113841798904673], [-34.910567801320575, -8.11393313535414], [-34.91066936152509, -8.11401960990892], [-34.91077505732347, -8.114101014241328], [-34.9108846340822, -8.114177152238534], [-34.91099782781761, -8.114247840474983], [-34.91111436583191, -8.11431290865431], [-34.91123396737012, -8.114372200019659], [-34.911356344296586, -8.11442557173133], [-34.91148120178905, -8.114472895210893], [-34.91160823904905, -8.114514056450938], [-34.911737150026575, -8.1145489562898], [-34.91186762415744, -8.114577510650417], [-34.91199934711152, -8.114599650742841], [-34.91213200155007, -8.114615323230058], [-34.912265267890284, -8.11462449035638], [-34.91239882507526, -8.114627130038464], [-34.9125323513475, -8.114623235918447], [-34.91266552502416, -8.114612817379305], [-34.912798025272025, -8.114595899522179], [-34.912929532880504, -8.114572523105938], [-34.9130597310307, -8.114542744448896], [-34.913188306058686, -8.114506635293209], [-34.91331494821124, -8.114464282631921], [-34.91343935239206, -8.1144157884994], [-34.91356121889685, -8.114361269725533], [-34.913680254135365, -8.114300857654184], [-34.91379617133869, -8.114234697826754], [-34.91390869125015, -8.11416294963156], [-34.9140175427981, -8.114085785919801], [-34.91412246374892, -8.11400339258911], [-34.9142232013388, -8.113915968135645], [-34.91431951288268, -8.113823723175924], [-34.91441116635886, -8.113726879939364], [-34.914497940967976, -8.11362567173288], [-34.9145796276649, -8.11352034237877], [-34.914656029662325, -8.113411145627381], [-34.91472696290479, -8.113298344545708], [-34.914792256512094, -8.113182210883613], [-34.914851753190874, -8.113063024419176], [-34.914905309613545, -8.112941072284649], [-34.914952796763494, -8.112816648274705], [-34.91499410024585, -8.11269005213867], [-34.91502912056303, -8.112561588858362], [-34.91505777335436, -8.112431567913369], [-34.9150799895993, -8.112300302535509], [-34.91509571578355, -8.112168108954172], [-34.91510491402801, -8.112035305634576], [-34.915107562179905, -8.111902212510467], [-34.915103653866154, -8.111769150213467], [-34.91509319850859, -8.111636439300634], [-34.91507622130124, -8.111504399482174], [-34.915052763149575, -8.111373348851343], [-34.91502288057186, -8.11124360311806], [-34.914986645563026, -8.11111547484845], [-34.91494414542111, -8.110989272711787], [-34.91489548253692, -8.110865300736961], [-34.914840774147336, -8.110743857580065], [-34.91478015205283, -8.110625235804944], [-34.91471376229992, -8.1105097211784], [-34.9146417648293, -8.110397591981801], [-34.914564333090524, -8.110289118340681], [-34.91448165362414, -8.110184561574068], [-34.914393925612245, -8.110084173564966], [-34.91430136039872, -8.109988196153518], [-34.91420418098, -8.109896860554501], [-34.91410262146794, -8.109810386800303], [-34.91399692652579, -8.1097289832109], [-34.913887350778836, -8.10965284589196], [-34.913774158200994, -8.10958215826252], [-34.91365762147893, -8.109517090613085], [-34.91353802135513, -8.109457799695411], [-34.91341564595168, -8.10940442834489], [-34.91329079007613, -8.109357105136477], [-34.913163754511395, -8.109315944074963], [-34.913034845291165, -8.109281044320293], [-34.91290437296267, -8.109252489948728], [-34.91277265183871, -8.10923034975031], [-34.912639999240376, -8.109214677063088], [-34.912506734732766, -8.109205509644662], [-34.912373179355136, -8.10920286958119], [-34.91223965484756, -8.109206763234221], [-34.91210648287592, -8.109217181225262], [-34.91197398425699, -8.10923409845845], [-34.911842478185676, -8.10925747418094], [-34.91171228146608, -8.109287252081081], [-34.91158370774833, -8.109323360424023], [-34.911457066773046, -8.10936571222453], [-34.91133266362519, -8.10941420545654], [-34.911210797999104, -8.109468723298837], [-34.911091763476584, -8.109529134416526], [-34.91097584681964, -8.109595293277385], [-34.91086332727968, -8.109667040502408], [-34.91075447592478, -8.109744203249747], [-34.91064955498671, -8.109826595631043], [-34.910548817229134, -8.109914019159298], [-34.91045250533874, -8.110006263226884], [-34.91036085134056, -8.110103105612998], [-34.91027407603899, -8.110204313018901], [-34.91019238848583, -8.110309641630007], [-34.91011598547663, -8.110418837703124], [-34.91004505107659, -8.110531638177791], [-34.909979756177066, -8.110647771309996], [-34.90992025808386, -8.110766957326753], [-34.909866700138174, -8.110888909100133], [-34.909819211371314, -8.111013332838924], [-34.90977790619369, -8.111139928796431], [-34.90974288411923, -8.111268391992544], [-34.90971422952552, -8.111398412948486], [-34.909692011450474, -8.111529678432337], [-34.90967628342601, -8.111661872213684], [-34.90966708334894, -8.111794675825386], [-34.90966443338969, -8.111927769330878]]]}}, {"type": "Feature", "properties": {"ponto_id": 37, "bairro": "Ipsep", "trecho": "Avenida Recife (Da Avenida Dom Helder Câmara até o Rio Tejipió)", "tipo": "Linha", "precisao": "Aproximado", "verificada": "não", "prior_emlurb": "Sim", "grupo": "G5", "lat": -8.105179, "lon": -34.927549, "raio_m": 300}, "geometry": {"type": "Polygon", "coordinates": [[[-34.92482750295974, -8.105191860000087], [-34.924831413879126, -8.105324921512128], [-34.92484187172399, -8.105457631505676], [-34.924858851306595, -8.105589670268754], [-34.92488231172753, -8.105720719706147], [-34.92491219647411, -8.105850464105771], [-34.924948433556544, -8.105978590899259], [-34.92499093568122, -8.106104791415003], [-34.92503960046107, -8.106228761621793], [-34.925094310662075, -8.106350202861291], [-34.92515493448575, -8.106468822567537], [-34.92522132588653, -8.106584334971819], [-34.92529332492372, -8.106696461791138], [-34.92537075814664, -8.106804932898681], [-34.92545343901257, -8.106909486974553], [-34.925541168336096, -8.107009872135384], [-34.92563373476897, -8.107105846541206], [-34.9257309153093, -8.107197178978046], [-34.925832475838746, -8.107283649414994], [-34.92593817168659, -8.10736504953429], [-34.92604774821917, -8.107441183233261], [-34.92616094145337, -8.107511867096708], [-34.926277478692576, -8.107576930838817], [-34.92639707918371, -8.107636217713427], [-34.92651945479358, -8.107689584891665], [-34.92664431070313, -8.10773690380603], [-34.926771346117704, -8.107778060460129], [-34.926900254991715, -8.107812955703347], [-34.92703072676606, -8.107841505469713], [-34.92716244711629, -8.107863640980353], [-34.92729509870993, -8.107879308909306], [-34.92742836197104, -8.107888471511878], [-34.92756191585013, -8.107891106715638], [-34.92769543859768, -8.10788720817352], [-34.927828608539336, -8.107876785279169], [-34.92796110485088, -8.107859863144228], [-34.92809260833123, -8.107836482537877], [-34.92822280217142, -8.107806699788549], [-34.928351372717955, -8.107770586648254], [-34.92847801022839, -8.107728230119653], [-34.928602409617625, -8.107679732246437], [-34.92872427119292, -8.107625209867503], [-34.92884330137592, -8.107564794335419], [-34.928959213409904, -8.107498631199922], [-34.929071728050666, -8.107426879857305], [-34.92918057423926, -8.107349713166348], [-34.929285489755, -8.107267317031864], [-34.929386221847196, -8.107179889956765], [-34.929482527844016, -8.107087642563888], [-34.929574175737166, -8.106990797088503], [-34.929660944740725, -8.10688958684292], [-34.92974262582308, -8.106784255654345], [-34.92981902221046, -8.106675057277538], [-34.92988994986095, -8.106562254783398], [-34.929955237907805, -8.10644611992519], [-34.93001472907108, -8.106326932483865], [-34.93006828003647, -8.106204979594006], [-34.93011576180052, -8.10608055505212], [-34.93015705998134, -8.105953958608785], [-34.930192075094126, -8.10582549524655], [-34.93022072279076, -8.105695474445199], [-34.930242934062925, -8.105564209436176], [-34.93025865540834, -8.10543201644798], [-34.930267848959545, -8.105299213944386], [-34.93027049257508, -8.105166121857161], [-34.93026657989277, -8.105033060815424], [-34.930256120344986, -8.104900351373185], [-34.93023913913583, -8.1047683132371], [-34.930215677180385, -8.104637264496365], [-34.93018579100611, -8.104507520856336], [-34.93014955261657, -8.104379394878075], [-34.930107049317925, -8.104253195225334], [-34.93005838350859, -8.104129225921014], [-34.93000367243248, -8.104007785614764], [-34.92994304789652, -8.103889166863555], [-34.929876655953095, -8.103773655426899], [-34.92980465654817, -8.103661529578476], [-34.929727223135956, -8.103553059435754], [-34.92964454226098, -8.103448506309327], [-34.92955681310876, -8.103348122073431], [-34.929464247025884, -8.103252148559122], [-34.92936706701089, -8.10316081697179], [-34.929265507177035, -8.103074347334159], [-34.92915981218836, -8.102992947956295], [-34.92905023667023, -8.102916814933728], [-34.928937044596005, -8.102846131675141], [-34.92882050865112, -8.102781068460532], [-34.928700909576214, -8.10272178203097], [-34.92857853549081, -8.10266841521105], [-34.92845368119928, -8.102621096564823], [-34.92832664748072, -8.1025799400861], [-34.928197740364375, -8.10254504492379], [-34.928067270392425, -8.10251649514311], [-34.927935551871954, -8.102494359523055], [-34.927802902117804, -8.10247869139065], [-34.92766964068822, -8.102469528492536], [-34.92753608861505, -8.102466892904003], [-34.92740256763041, -8.102470790975818], [-34.9272693993917, -8.102481213318862], [-34.92713690470671, -8.102498134826803], [-34.92700540276087, -8.102521514736502], [-34.926875210348356, -8.102551296726235], [-34.92674664110894, -8.102587409051303], [-34.92662000477247, -8.102629764716898], [-34.92649560641271, -8.102678261687643], [-34.92637374571251, -8.10273278313333], [-34.926254716241814, -8.10279319771038], [-34.926138804750465, -8.10285935987825], [-34.92602629047743, -8.102931110249974], [-34.925917444478145, -8.103008275976112], [-34.92581252897144, -8.103090671161144], [-34.925711796707944, -8.103178097311309], [-34.92561549036112, -8.103270343812673], [-34.92552384194265, -8.103367188438552], [-34.9254370722435, -8.103468397884818], [-34.925355390301974, -8.103573728331963], [-34.92527899290014, -8.103682926032365], [-34.925208064089674, -8.10379572792164], [-34.925142774748494, -8.103911862252351], [-34.925083282169005, -8.104031049248626], [-34.925029729679146, -8.104153001780164], [-34.92498224629706, -8.104277426053912], [-34.92494094642023, -8.104404022321882], [-34.92490592954977, -8.104532485603196], [-34.92487728005076, -8.104662506418872], [-34.92485506694884, -8.104793771537306], [-34.92483934376393, -8.104925964728956], [-34.9248301483812, -8.105058767528089], [-34.92482750295974, -8.105191860000087]]]}}, {"type": "Feature", "properties": {"ponto_id": 41, "bairro": "Boa Viagem", "trecho": "Rua Thomé Gibson (Da Avenida Encanta Moça até a Via Mangue)", "tipo": "Linha", "precisao": "Aproximado", "verificada": "não", "prior_emlurb": "Não", "grupo": "G2", "lat": -8.098066, "lon": -34.888129, "raio_m": 300}, "geometry": {"type": "Polygon", "coordinates": [[[-34.88540748800995, -8.0980785859337], [-34.885411385442104, -8.098211650887393], [-34.885421829867894, -8.098344364974563], [-34.885438796131936, -8.098476408473413], [-34.88546224336689, -8.098607463277343], [-34.885492115091864, -8.098737213661376], [-34.88552833934842, -8.09886534704275], [-34.88557082887388, -8.098991554734027], [-34.885619481311515, -8.09911553268673], [-34.88567417945709, -8.099236982223882], [-34.885734791541154, -8.099355610759556], [-34.885801171546476, -8.099471132503801], [-34.88587315955982, -8.099583269151127], [-34.88595058215709, -8.09969175055106], [-34.88603325282121, -8.09979631535892], [-34.88612097239134, -8.099896711665503], [-34.8862135295428, -8.099992697603986], [-34.886310701296054, -8.100084041932622], [-34.886412253553985, -8.100170524591853], [-34.88651794166582, -8.10025193723447], [-34.8866275110166, -8.100328083727629], [-34.8867406976405, -8.1003987806253], [-34.88685722885688, -8.10046385761025], [-34.886976823927206, -8.100523157904407], [-34.887099194731384, -8.100576538646552], [-34.887224046461945, -8.100623871236484], [-34.88735107833432, -8.100665041644842], [-34.8874799843115, -8.100699950687865], [-34.88761045384137, -8.100728514266292], [-34.88774217260491, -8.100750663567963], [-34.887874823273485, -8.100766345233653], [-34.88800808627339, -8.100775521485554], [-34.88814164055577, -8.10077817021831], [-34.888275164370164, -8.10077428505224], [-34.888408336039625, -8.100763875348733], [-34.88854083473579, -8.10074696618762], [-34.88867234125182, -8.1007235983068], [-34.88880253877144, -8.100693828004006], [-34.88893111363227, -8.100657727001245], [-34.88905775608146, -8.10061538227191], [-34.88918216102201, -8.100566895831228], [-34.88930402874779, -8.100512384490544], [-34.88942306566558, -8.100451979575801], [-34.88953898500243, -8.100385826611141], [-34.88965150749652, -8.10031408496833], [-34.88976036206996, -8.100236927482772], [-34.889865286481815, -8.100154540037094], [-34.889966027959936, -8.100067121113254], [-34.89006234380988, -8.099974881314456], [-34.89015400199954, -8.099878042857666], [-34.8902407817182, -8.09977683903828], [-34.89032247390837, -8.09967151366803], [-34.89039888176951, -8.099562320487673], [-34.890469821231996, -8.099449522555586], [-34.890535121400625, -8.099333391614056], [-34.89059462496622, -8.099214207434617], [-34.89064818858455, -8.099092257144012], [-34.89069568322166, -8.098967834532496], [-34.890736994464625, -8.098841239346022], [-34.890772022797144, -8.098712776564149], [-34.89080068383923, -8.098582755665266], [-34.890822908550405, -8.098451489881102], [-34.89083864339599, -8.09831929544204], [-34.89084785047599, -8.09818649081538], [-34.89085050761635, -8.098053395938035], [-34.8908466084223, -8.097920331445877], [-34.890836162293695, -8.097787617901265], [-34.89081919440233, -8.097655575020765], [-34.89079574563121, -8.097524520905033], [-34.89076587247604, -8.097394771272409], [-34.890729646908994, -8.097266638698418], [-34.8906871562054, -8.097140431862732], [-34.890638502733324, -8.097016454805582], [-34.890583803706974, -8.096895006195313], [-34.89052319090427, -8.096776378608936], [-34.890456810349356, -8.096660857827256], [-34.890384821960794, -8.096548722146496], [-34.89030739916626, -8.096440241707821], [-34.890224728484746, -8.096335677846643], [-34.89013700907725, -8.096235282463068], [-34.8900444522669, -8.096139297415014], [-34.88994728102994, -8.09604795393566], [-34.8898457294585, -8.09596147207638], [-34.889740042196756, -8.095880060176686], [-34.8896304738515, -8.09580391436226], [-34.88951728837883, -8.095733218072604], [-34.889400758448325, -8.095668141619086], [-34.88928116478614, -8.095608841774666], [-34.8891587954988, -8.095555461396227], [-34.88903394537917, -8.095508129080475], [-34.88890691519629, -8.095466958854118], [-34.8887780109709, -8.09543204989918], [-34.88864754323827, -8.095403486314066], [-34.88851582630009, -8.095381336910997], [-34.88838317746742, -8.09536565505018], [-34.88824991629628, -8.0953564785113], [-34.888116363817915, -8.095353829402473], [-34.88798284176543, -8.095357714107005], [-34.88784967179878, -8.095368123267956], [-34.887717174729936, -8.095385031810716], [-34.887585669750074, -8.095408399003343], [-34.88745547366066, -8.095438168554727], [-34.88732690011031, -8.0954742687501], [-34.88720025883925, -8.095516612623852], [-34.88707585493314, -8.09556509816898], [-34.886953988088145, -8.095619608582778], [-34.88683495188899, -8.095680012548224], [-34.88671903310172, -8.095746164550317], [-34.88660651098286, -8.095817905226564], [-34.88649765660669, -8.095895061750864], [-34.88639273221222, -8.095977448249856], [-34.886291990571465, -8.09606486625069], [-34.88619567438042, -8.096157105159062], [-34.88610401567446, -8.096253942766571], [-34.886017235269314, -8.096355145786003], [-34.885935542229035, -8.096460470413328], [-34.885859133362395, -8.096569662914956], [-34.88578819274866, -8.096682460239027], [-34.88572289129416, -8.096798590649126], [-34.88566338632043, -8.09691777437883], [-34.88560982118526, -8.097039724305727], [-34.885562324937226, -8.097164146643065], [-34.88552101200476, -8.097290741647532], [-34.88548598192044, -8.097419204341323], [-34.88545731908112, -8.09754922524689], [-34.88543509254459, -8.097680491132454], [-34.8854193558631, -8.097812685766646], [-34.885410146954335, -8.097945490680289], [-34.88540748800995, -8.0980785859337]]]}}, {"type": "Feature", "properties": {"ponto_id": 51, "bairro": "Pina", "trecho": "Avenida Antônio de Góes (Da saída da Via Mangue até a Bacia do Pina (Rio Capibaribe) e cruzamento com a Avenida Conselheiro Aguiar)", "tipo": "Linha", "precisao": "Interseção", "verificada": "não", "prior_emlurb": "Não", "grupo": "isolado", "lat": -8.089423, "lon": -34.882717, "raio_m": 300}, "geometry": {"type": "Polygon", "coordinates": [[[-34.87999553749874, -8.089435536545245], [-34.879999432426615, -8.089568602030463], [-34.88000987423488, -8.089701316766842], [-34.880026837774444, -8.089833361031024], [-34.88005028218454, -8.089964416714567], [-34.88008015099107, -8.09009416809039], [-34.880116372242625, -8.09022230257334], [-34.88015885868376, -8.09034851147333], [-34.880207507965174, -8.090472490738978], [-34.88026220289023, -8.090593941690154], [-34.88032281169723, -8.090712571737525], [-34.88038918837687, -8.0908280950875], [-34.880461173023875, -8.090940233430738], [-34.88053859222231, -8.09104871661267], [-34.88062125946323, -8.09115328328434], [-34.88070897559411, -8.091253681532045], [-34.88080152929852, -8.091349669484304], [-34.88089869760524, -8.09144101589451], [-34.88100024642546, -8.091527500698103], [-34.88110593111671, -8.091608915542702], [-34.88121549707224, -8.091685064290171], [-34.88132868033445, -8.091755763489036], [-34.88144520823079, -8.091820842816537], [-34.88156480003072, -8.091880145488947], [-34.88168716762206, -8.091933528639325], [-34.88181201620507, -8.09198086366167], [-34.88193904500277, -8.092022036520754], [-34.882067947985576, -8.09205694802691], [-34.882198414608595, -8.092085514074945], [-34.88233013055981, -8.092107665846743], [-34.88246277851737, -8.09212334997713], [-34.88259603891412, -8.092132528682352], [-34.88272959070749, -8.092135179851143], [-34.88286311215299, -8.092131297097952], [-34.88299628157941, -8.092120889778343], [-34.883128778163794, -8.092103982966403], [-34.88326028270439, -8.092080617394364], [-34.88339047838971, -8.092050849354395], [-34.88351905156176, -8.092014750563045], [-34.883645692471795, -8.091972407988372], [-34.88377009602651, -8.091923923640415], [-34.88389196252311, -8.091869414325462], [-34.884010998371345, -8.091809011364573], [-34.88412691680085, -8.091742860277181], [-34.88423943855199, -8.091671120430524], [-34.88434829254864, -8.09159396465567], [-34.884453216551286, -8.091511578831122], [-34.88455395778875, -8.091424161434931], [-34.884650273567146, -8.09133192306661], [-34.884741931854556, -8.091235085939681], [-34.884828711840015, -8.091133883346341], [-34.884910404465394, -8.091028559095351], [-34.884986812929085, -8.090919366924771], [-34.88505775316002, -8.090806569890551], [-34.88512305426113, -8.09069043973281], [-34.885182558920974, -8.090571256221194], [-34.8852361237927, -8.090449306480838], [-34.88528361983931, -8.09032488430067], [-34.88532493264449, -8.09019828942561], [-34.885359962688135, -8.090069826834458], [-34.88538862558616, -8.089939806005153], [-34.88541085229359, -8.089808540169255], [-34.88542658927093, -8.08967634555728], [-34.88543579861305, -8.089543540636942], [-34.88543845814043, -8.089410445345871], [-34.88543456145255, -8.089277380320942], [-34.88542411794322, -8.089144666125787], [-34.88540715277791, -8.089012622478561], [-34.88538370683305, -8.08888156748176], [-34.88535383659753, -8.08875181685586], [-34.885317614036516, -8.088623683178781], [-34.885275126418065, -8.088497475132858], [-34.8852264761028, -8.088373496761243], [-34.88517178029734, -8.088252046735455], [-34.88511117077183, -8.088133417635918], [-34.885044793542534, -8.088017895247093], [-34.88497280851998, -8.08790575786907], [-34.88489538912376, -8.087797275647114], [-34.884812721864684, -8.087692709920939], [-34.88472500589548, -8.087592312595145], [-34.884632452531015, -8.087496325532332], [-34.88453528473922, -8.08740497997054], [-34.88443373660397, -8.087318495966166], [-34.88432805276111, -8.087237081863877], [-34.88421848780925, -8.087160933794681], [-34.88410530569631, -8.087090235203508], [-34.88398877908376, -8.087025156407268], [-34.883869188689786, -8.08696585418457], [-34.88374682261304, -8.086912471398024], [-34.88362197563866, -8.086865136650129], [-34.883494948528146, -8.08682396397347], [-34.88336604729482, -8.086789052555961], [-34.88323558246674, -8.08676048650193], [-34.88310386833862, -8.08673833462956], [-34.88297122221476, -8.086722650304994], [-34.88283796364467, -8.086713471313852], [-34.88270441365332, -8.086710819770147], [-34.882570893967845, -8.086714702063057], [-34.88243772624249, -8.086725108841446], [-34.882305231283844, -8.086742015036426], [-34.882173728278005, -8.08676537992172], [-34.88204353402168, -8.086795147211769], [-34.881914962159094, -8.086831245197242], [-34.88178832242638, -8.08687358691785], [-34.88166391990551, -8.086922070371775], [-34.881542054289326, -8.086976578761341], [-34.88142301915958, -8.087036980774396], [-34.88130710127973, -8.087103130900637], [-34.88119457990414, -8.087174869782078], [-34.88108572610528, -8.08725202459696], [-34.88098080212079, -8.08733440947601], [-34.88088006072165, -8.08742182595029], [-34.88078374460332, -8.087514063429165], [-34.88069208580097, -8.087610899707679], [-34.88060530513055, -8.087712101501806], [-34.88052361165677, -8.08781742501048], [-34.880447202189416, -8.087926616502791], [-34.88037626080922, -8.088039412929316], [-34.88031095842432, -8.088155542555794], [-34.880251452358515, -8.088274725617701], [-34.880197885972194, -8.088396674994225], [-34.88015038831695, -8.08852109689994], [-34.8801090738246, -8.088647691592577], [-34.88007404203146, -8.088776154095086], [-34.880045377338504, -8.088906174930383], [-34.88002314880798, -8.08903744086685], [-34.88000740999693, -8.089169635673011], [-34.87999819882814, -8.089302440879269], [-34.87999553749874, -8.089435536545245]]]}}, {"type": "Feature", "properties": {"ponto_id": 54, "bairro": "Ibura", "trecho": "Rua Rio Prado (Interseção da Rua Rio Prado com a Rua Rio Brígida)", "tipo": "Ponto", "precisao": "Interseção", "verificada": "não", "prior_emlurb": "Não", "grupo": "G4", "lat": -8.113869, "lon": -34.940702, "raio_m": 300}, "geometry": {"type": "Polygon", "coordinates": [[[-34.93798046574828, -8.11388196156555], [-34.93798438172687, -8.114015021861821], [-34.937994844708506, -8.114147730397852], [-34.9380118294931, -8.11427976746518], [-34.938035295168696, -8.114410814972652], [-34.93806518520997, -8.11454055721283], [-34.93810142761435, -8.114668681622533], [-34.93814393507544, -8.11479487953589], [-34.93819260519327, -8.114918846927951], [-34.938247320721, -8.115040285147138], [-34.938307949847264, -8.11515890163477], [-34.93837434651378, -8.11527441062987], [-34.938446350767116, -8.11538653385766], [-34.938523789144035, -8.115495001199951], [-34.93860647508938, -8.115599551345925], [-34.938694209405504, -8.11569993242167], [-34.938786780732116, -8.115795902597057], [-34.93888396605553, -8.115887230668296], [-34.938985531245855, -8.115973696614997], [-34.939091231621155, -8.116055092130209], [-34.939200812536846, -8.11613122112236], [-34.939314009999215, -8.116201900187583], [-34.939430551301484, -8.116266959051625], [-34.93955015568074, -8.116326240980081], [-34.93967253499445, -8.116379603155998], [-34.9397973944146, -8.11642691702393], [-34.93992443313804, -8.116468068599643], [-34.94005334511124, -8.116502958744775], [-34.940183819767604, -8.116531503405628], [-34.94031554277572, -8.116553633815649], [-34.940448196796716, -8.116569296661169], [-34.94058146224879, -8.116578454209744], [-34.94071501807716, -8.116581084401135], [-34.9408485425276, -8.116577180900363], [-34.94098171392165, -8.116566753113025], [-34.9411142114316, -8.116549826162563], [-34.941245715853455, -8.116526440829775], [-34.941375910376, -8.116496653454481], [-34.941504481344076, -8.116460535799854], [-34.94163111901423, -8.116418174879444], [-34.941755518300994, -8.116369672747522], [-34.94187737951186, -8.116315146253264], [-34.94199640906934, -8.116254726759156], [-34.94211232021824, -8.116188559824497], [-34.94222483371651, -8.116116804854727], [-34.94233367850793, -8.116039634717382], [-34.94243859237521, -8.115957235325585], [-34.94253932257163, -8.115869805190092], [-34.94263562642995, -8.11577755494113], [-34.94272727194701, -8.115680706820845], [-34.94281403834265, -8.11557949414792], [-34.94289571659154, -8.115474160755415], [-34.942972109926764, -8.115364960403399], [-34.943043034313746, -8.11525215616753], [-34.94310831889363, -8.115136019805263], [-34.94316780639484, -8.11501683110117], [-34.943221353511895, -8.114894877192885], [-34.943268831250634, -8.114770451879343], [-34.943310125238874, -8.114643854912993], [-34.94334513600192, -8.114515391277633], [-34.94337377920214, -8.114385370453684], [-34.94339598584207, -8.114254105672657], [-34.943411702430595, -8.114121913162482], [-34.94342089111173, -8.113989111385774], [-34.943423529755755, -8.113856020272541], [-34.94341961201247, -8.113722960449545], [-34.943409147326435, -8.113590252467844], [-34.94339216091416, -8.113458216030569], [-34.94336869370326, -8.113327169222812], [-34.94333880223386, -8.113197427745261], [-34.94330255852226, -8.11306930415376], [-34.943260049887485, -8.112943107106297], [-34.94321137874076, -8.112819140619484], [-34.943156662338886, -8.112697703336174], [-34.94309603250159, -8.112579087806056], [-34.94302963529405, -8.112463579780856], [-34.9429576306749, -8.112351457526039], [-34.94288019211088, -8.112242991150405], [-34.942797506158946, -8.112138441955468], [-34.94270977201684, -8.112038061805984], [-34.94261720104315, -8.11194209252316], [-34.94252001624818, -8.111850765302188], [-34.942418451756716, -8.111764300155272], [-34.94231275224398, -8.111682905381661], [-34.94220317234623, -8.111606777065779], [-34.94208997604739, -8.111536098604988], [-34.941973436043035, -8.11147104026772], [-34.94185383308356, -8.111411758783301], [-34.941731455297855, -8.111358396964409], [-34.941606597499195, -8.111311083363054], [-34.94147956047511, -8.1112699319609], [-34.941350650262784, -8.111235041894641], [-34.94122017741185, -8.111206497217218], [-34.94108845623631, -8.111184366695332], [-34.9409558040574, -8.111168703643743], [-34.940822540439214, -8.111159545796866], [-34.940688986418834, -8.111156915217821], [-34.94055546373308, -8.111160818245327], [-34.940422294043415, -8.111171245478333], [-34.94028979816116, -8.111188171798736], [-34.9401582952746, -8.111211556431815], [-34.94002810218019, -8.11124134304448], [-34.93989953251933, -8.111277459880904], [-34.939772896022866, -8.111319819935423], [-34.93964849776499, -8.111368321162098], [-34.93952663742829, -8.111422846720473], [-34.939407608581824, -8.111483265257077], [-34.93929169797394, -8.111549431221826], [-34.939179184841514, -8.111621185218628], [-34.93907034023718, -8.111698354389315], [-34.93896542637648, -8.111780752830073], [-34.93886469600605, -8.111868182039304], [-34.93876839179481, -8.111960431395705], [-34.938676745749305, -8.112057278665723], [-34.938589978654804, -8.112158490538866], [-34.938508299543344, -8.112263823189771], [-34.93843190519018, -8.112373022865516], [-34.93836097963966, -8.112485826496949], [-34.93829569376187, -8.112601962332448], [-34.93823620484087, -8.112721150592499], [-34.93818265619581, -8.112843104143762], [-34.93813517683559, -8.112967529190723], [-34.93809388114799, -8.113094125983517], [-34.938058868624076, -8.113222589540003], [-34.93803022361844, -8.113352610380526], [-34.93800801514592, -8.113483875273417], [-34.937992296715294, -8.113616067989659], [-34.93798310620029, -8.113748870064667], [-34.93798046574828, -8.11388196156555]]]}}]}